Name,Platform,Followers,Engagement (%),Niche,Email,Profile URL,Content Themes,Status,Filter Result / Reasons,Instagram,Website,Country,Audience Age,Audience Gender,Audience Geography,Email Source,Data Source
James Charles,YouTube,23700000,4.96,Beauty,Not Available,https://www.youtube.com/@jamescharles,makeup,rejected,"FAIL: followers: 23,700,000 followers (allowed 5,000-100,000)",Not Available,Not Available,US,Not Available,Not Available,Not Available,Not Available,youtube_data_api_v3
Saturday Night Live,YouTube,17300000,3.76,Unclassified,Not Available,https://www.youtube.com/@saturdaynightlive,Not Available,rejected,"FAIL: followers: 17,300,000 followers (allowed 5,000-100,000); niche_relevance: niche=Unclassified, relevance=0.0 (min 0.3)",Not Available,Not Available,US,Not Available,Not Available,Not Available,Not Available,youtube_data_api_v3
NikkieTutorials,YouTube,15400000,5.43,Beauty,Not Available,https://www.youtube.com/@nikkietutorials,makeup,rejected,"FAIL: followers: 15,400,000 followers (allowed 5,000-100,000)",Not Available,Not Available,NL,Not Available,Not Available,Not Available,Not Available,youtube_data_api_v3
Jenny Hoyos,YouTube,12400000,2.83,Unclassified,Not Available,https://www.youtube.com/@jennyhoyos,Not Available,rejected,"FAIL: followers: 12,400,000 followers (allowed 5,000-100,000); niche_relevance: niche=Unclassified, relevance=0.0 (min 0.3)",Not Available,Not Available,US,Not Available,Not Available,Not Available,Not Available,youtube_data_api_v3
Kylie Jenner,YouTube,12200000,Not Available,Unclassified,Not Available,https://www.youtube.com/@kyliejenner,makeup,rejected,"FAIL: followers: 12,200,000 followers (allowed 5,000-100,000); engagement: engagement rate unavailable (too few videos with public likes/views); niche_relevance: niche=Unclassified, relevance=0.07 (min 0.3)",Not Available,Not Available,Not Available,Not Available,Not Available,Not Available,Not Available,youtube_data_api_v3
Makeup by Parul Garg,YouTube,11900000,1.86,Beauty,Not Available,https://www.youtube.com/@makeupbyparulgarg,"makeup, accessories",rejected,"FAIL: followers: 11,900,000 followers (allowed 5,000-100,000); engagement: 1.86% (min 2.0%)",Not Available,Not Available,IN,Not Available,Not Available,Not Available,Not Available,youtube_data_api_v3
Swara Singh,YouTube,11000000,4.96,Fashion,Not Available,https://www.youtube.com/@swara_singh,hauls,rejected,"FAIL: followers: 11,000,000 followers (allowed 5,000-100,000); niche_relevance: niche=Fashion, relevance=0.14 (min 0.3)",Not Available,Not Available,IN,Not Available,Not Available,Not Available,Not Available,youtube_data_api_v3
"SaraBeautyCorner - DIY, Comedy, Makeup, Nail Art",YouTube,10600000,4.54,Beauty,Not Available,https://www.youtube.com/@sarabeautycorner,"makeup, nails, styling",rejected,"FAIL: followers: 10,600,000 followers (allowed 5,000-100,000)",Not Available,Not Available,Not Available,Not Available,Not Available,Not Available,Not Available,youtube_data_api_v3
Anju Mor Vlogs,YouTube,10000000,4.25,Unclassified,Not Available,https://www.youtube.com/@anjumorvlogs,Not Available,rejected,"FAIL: followers: 10,000,000 followers (allowed 5,000-100,000); niche_relevance: niche=Unclassified, relevance=0.0 (min 0.3)",Not Available,Not Available,IN,Not Available,Not Available,Not Available,Not Available,youtube_data_api_v3
Sydney Morgan,YouTube,9990000,4.97,Beauty,Not Available,https://www.youtube.com/@sydneymorgan,makeup,rejected,"FAIL: followers: 9,990,000 followers (allowed 5,000-100,000); niche_relevance: niche=Beauty, relevance=0.28 (min 0.3)",Not Available,Not Available,US,Not Available,Not Available,Not Available,Not Available,youtube_data_api_v3
Pragati Verma,YouTube,9900000,1.61,Unclassified,Not Available,https://www.youtube.com/@pragativermaa,makeup,rejected,"FAIL: followers: 9,900,000 followers (allowed 5,000-100,000); engagement: 1.61% (min 2.0%); niche_relevance: niche=Unclassified, relevance=0.07 (min 0.3)",Not Available,Not Available,IN,Not Available,Not Available,Not Available,Not Available,youtube_data_api_v3
Austin Mollno,YouTube,9230000,5.82,Unclassified,Not Available,https://www.youtube.com/@austinmollno1,Not Available,rejected,"FAIL: followers: 9,230,000 followers (allowed 5,000-100,000); niche_relevance: niche=Unclassified, relevance=0.0 (min 0.3)",Not Available,Not Available,US,Not Available,Not Available,Not Available,Not Available,youtube_data_api_v3
JessB!,YouTube,8970000,1.17,Beauty,Not Available,https://www.youtube.com/@mynameisjessb,"makeup, styling",rejected,"FAIL: followers: 8,970,000 followers (allowed 5,000-100,000); engagement: 1.17% (min 2.0%)",Not Available,Not Available,Not Available,Not Available,Not Available,Not Available,Not Available,youtube_data_api_v3
BE NATURAL,YouTube,8650000,2.51,Beauty,Not Available,https://www.youtube.com/@benaturalrekha,"makeup, haircare, skincare, styling",rejected,"FAIL: followers: 8,650,000 followers (allowed 5,000-100,000)",Not Available,Not Available,IN,Not Available,Not Available,Not Available,Not Available,youtube_data_api_v3
Denitslava Makeup,YouTube,8530000,2.21,Beauty,Not Available,https://www.youtube.com/@denitslavamakeup,makeup,rejected,"FAIL: followers: 8,530,000 followers (allowed 5,000-100,000)",Not Available,Not Available,US,Not Available,Not Available,Not Available,Not Available,youtube_data_api_v3
Michelle Phan,YouTube,8500000,2.66,Beauty,Not Available,https://www.youtube.com/@michellephan,"skincare, makeup, styling",rejected,"FAIL: followers: 8,500,000 followers (allowed 5,000-100,000); recent_activity: last post 310 days ago (max 90)",Not Available,Not Available,US,Not Available,Not Available,Not Available,Not Available,youtube_data_api_v3
Atarah Mayhew,YouTube,8060000,3.88,Beauty,Not Available,https://www.youtube.com/@atarahmayhew,makeup,rejected,"FAIL: followers: 8,060,000 followers (allowed 5,000-100,000)",Not Available,Not Available,GB,Not Available,Not Available,Not Available,Not Available,youtube_data_api_v3
Simpal Kharel,YouTube,7920000,4.68,Unclassified,Not Available,https://www.youtube.com/@simpalkharel,Not Available,rejected,"FAIL: followers: 7,920,000 followers (allowed 5,000-100,000); niche_relevance: niche=Unclassified, relevance=0.0 (min 0.3)",Not Available,Not Available,US,Not Available,Not Available,Not Available,Not Available,youtube_data_api_v3
Tati,YouTube,7840000,2.62,Beauty,Not Available,https://www.youtube.com/@tati,"makeup, skincare, hauls",rejected,"FAIL: followers: 7,840,000 followers (allowed 5,000-100,000)",Not Available,Not Available,US,Not Available,Not Available,Not Available,Not Available,youtube_data_api_v3
The Stella Show,YouTube,7610000,1.19,Unclassified,Not Available,https://www.youtube.com/@stellaw,skincare,rejected,"FAIL: followers: 7,610,000 followers (allowed 5,000-100,000); engagement: 1.19% (min 2.0%); niche_relevance: niche=Unclassified, relevance=0.07 (min 0.3)",Not Available,Not Available,US,Not Available,Not Available,Not Available,Not Available,youtube_data_api_v3
Maria Khan,YouTube,7410000,4.17,Unclassified,Not Available,https://www.youtube.com/@mariakhan.03,"makeup, accessories",rejected,"FAIL: followers: 7,410,000 followers (allowed 5,000-100,000); niche_relevance: niche=Unclassified, relevance=0.07 (min 0.3)",Not Available,Not Available,IN,Not Available,Not Available,Not Available,Not Available,youtube_data_api_v3
Shab & Kassie,YouTube,6760000,2.12,Beauty,Not Available,https://www.youtube.com/@shabandkassie,"makeup, styling, nails, skincare",rejected,"FAIL: followers: 6,760,000 followers (allowed 5,000-100,000)",Not Available,Not Available,GB,Not Available,Not Available,Not Available,Not Available,youtube_data_api_v3
Ali Abdaal,YouTube,6700000,2.49,Unclassified,Not Available,https://www.youtube.com/@aliabdaal,Not Available,rejected,"FAIL: followers: 6,700,000 followers (allowed 5,000-100,000); niche_relevance: niche=Unclassified, relevance=0.0 (min 0.3)",Not Available,Not Available,GB,Not Available,Not Available,Not Available,Not Available,youtube_data_api_v3
Preity प्रेरणा,YouTube,6160000,1.72,Beauty,Not Available,https://www.youtube.com/@preityprerna,"skincare, haircare",rejected,"FAIL: followers: 6,160,000 followers (allowed 5,000-100,000); engagement: 1.72% (min 2.0%)",Not Available,Not Available,IN,Not Available,Not Available,Not Available,Not Available,youtube_data_api_v3
Sophie Silva,YouTube,6100000,7.15,Beauty,Not Available,https://www.youtube.com/@notsophiesilva,"makeup, styling",rejected,"FAIL: followers: 6,100,000 followers (allowed 5,000-100,000)",Not Available,Not Available,US,Not Available,Not Available,Not Available,Not Available,youtube_data_api_v3
Fit beauty,YouTube,5990000,2.34,Fashion & Beauty,Not Available,https://www.youtube.com/@fitbeautyreal,"makeup, accessories, skincare",rejected,"FAIL: followers: 5,990,000 followers (allowed 5,000-100,000)",Not Available,Not Available,IN,Not Available,Not Available,Not Available,Not Available,youtube_data_api_v3
PONY Syndrome,YouTube,5860000,2.89,Beauty,Not Available,https://www.youtube.com/@ponymakeup,makeup,rejected,"FAIL: followers: 5,860,000 followers (allowed 5,000-100,000); recent_activity: last post 115 days ago (max 90)",Not Available,Not Available,KR,Not Available,Not Available,Not Available,Not Available,youtube_data_api_v3
Bindass Kavya Shorts,YouTube,5750000,2.53,Beauty,Not Available,https://www.youtube.com/@bindasskavyashorts,makeup,rejected,"FAIL: followers: 5,750,000 followers (allowed 5,000-100,000); niche_relevance: niche=Beauty, relevance=0.28 (min 0.3)",Not Available,Not Available,IN,Not Available,Not Available,Not Available,Not Available,youtube_data_api_v3
Kat Longoria,YouTube,5650000,1.62,Beauty,Not Available,https://www.youtube.com/@kat_longoria,"makeup, skincare",rejected,"FAIL: followers: 5,650,000 followers (allowed 5,000-100,000); engagement: 1.62% (min 2.0%); niche_relevance: niche=Beauty, relevance=0.21 (min 0.3)",Not Available,Not Available,Not Available,Not Available,Not Available,Not Available,Not Available,youtube_data_api_v3
dope2111,YouTube,5580000,4.48,Beauty,Not Available,https://www.youtube.com/@dope2111,makeup,rejected,"FAIL: followers: 5,580,000 followers (allowed 5,000-100,000); recent_activity: last post 795 days ago (max 90)",Not Available,Not Available,US,Not Available,Not Available,Not Available,Not Available,youtube_data_api_v3
Christen Dominique,YouTube,5390000,2.07,Beauty,Not Available,https://www.youtube.com/@christendominique,"makeup, nails",rejected,"FAIL: followers: 5,390,000 followers (allowed 5,000-100,000)",Not Available,Not Available,US,Not Available,Not Available,Not Available,Not Available,youtube_data_api_v3
Jaclyn Hill,YouTube,5370000,3.51,Beauty,Not Available,https://www.youtube.com/@jaclynhill1,makeup,rejected,"FAIL: followers: 5,370,000 followers (allowed 5,000-100,000)",Not Available,Not Available,US,Not Available,Not Available,Not Available,Not Available,youtube_data_api_v3
RABIA SKINCARE 2.0,YouTube,4960000,4.66,Beauty,Not Available,https://www.youtube.com/@rabiaskincarechannel,"haircare, skincare, makeup",rejected,"FAIL: followers: 4,960,000 followers (allowed 5,000-100,000)",Not Available,Not Available,IN,Not Available,Not Available,Not Available,Not Available,youtube_data_api_v3
PatrickStarrr,YouTube,4770000,5.35,Beauty,Not Available,https://www.youtube.com/@patrickstarrr,"skincare, makeup, styling",rejected,"FAIL: followers: 4,770,000 followers (allowed 5,000-100,000)",Not Available,Not Available,US,Not Available,Not Available,Not Available,Not Available,youtube_data_api_v3
Rohit Sachdeva,YouTube,4590000,2.31,Beauty,Not Available,https://www.youtube.com/@rohitsachdeva,"skincare, makeup, haircare",rejected,"FAIL: followers: 4,590,000 followers (allowed 5,000-100,000)",Not Available,Not Available,IN,Not Available,Not Available,Not Available,Not Available,youtube_data_api_v3
Huda Beauty,YouTube,4530000,2.09,Beauty,Not Available,https://www.youtube.com/@hudabeauty,"skincare, makeup",rejected,"FAIL: followers: 4,530,000 followers (allowed 5,000-100,000)",Not Available,Not Available,US,Not Available,Not Available,Not Available,Not Available,youtube_data_api_v3
Hyram,YouTube,4340000,2.31,Beauty,Not Available,https://www.youtube.com/@hyram,"skincare, makeup",rejected,"FAIL: followers: 4,340,000 followers (allowed 5,000-100,000)",Not Available,Not Available,US,Not Available,Not Available,Not Available,Not Available,youtube_data_api_v3
Victoria Ortega,YouTube,4270000,5.94,Unclassified,Not Available,https://www.youtube.com/@elysian.living,haircare,rejected,"FAIL: followers: 4,270,000 followers (allowed 5,000-100,000); niche_relevance: niche=Unclassified, relevance=0.07 (min 0.3)",Not Available,Not Available,Not Available,Not Available,Not Available,Not Available,Not Available,youtube_data_api_v3
Rinkal Parekh,YouTube,3650000,3.38,Beauty,Not Available,https://www.youtube.com/@rinkalparekh,"skincare, haircare, makeup",rejected,"FAIL: followers: 3,650,000 followers (allowed 5,000-100,000)",Not Available,Not Available,IN,Not Available,Not Available,Not Available,Not Available,youtube_data_api_v3
Doctorly,YouTube,3590000,2.29,Beauty,Not Available,https://www.youtube.com/@doctorly,skincare,rejected,"FAIL: followers: 3,590,000 followers (allowed 5,000-100,000)",Not Available,Not Available,US,Not Available,Not Available,Not Available,Not Available,youtube_data_api_v3
Nirali Makeup Studio,YouTube,3590000,2.77,Beauty,Not Available,https://www.youtube.com/@niralimakeupstudio,"makeup, haircare",rejected,"FAIL: followers: 3,590,000 followers (allowed 5,000-100,000)",Not Available,Not Available,IN,Not Available,Not Available,Not Available,Not Available,youtube_data_api_v3
Kandee Johnson,YouTube,3570000,3.57,Fashion,Not Available,https://www.youtube.com/@kandeejohnson,"makeup, styling, hauls, haircare",rejected,"FAIL: followers: 3,570,000 followers (allowed 5,000-100,000)",Not Available,Not Available,Not Available,Not Available,Not Available,Not Available,Not Available,youtube_data_api_v3
Wendyskin,YouTube,3510000,3.08,Unclassified,Not Available,https://www.youtube.com/@wendyskinn,skincare,rejected,"FAIL: followers: 3,510,000 followers (allowed 5,000-100,000); niche_relevance: niche=Unclassified, relevance=0.07 (min 0.3)",Not Available,Not Available,US,Not Available,Not Available,Not Available,Not Available,youtube_data_api_v3
Dr. Aanchal MD,YouTube,3490000,1.67,Beauty,Not Available,https://www.youtube.com/@draanchalmd,"skincare, haircare",rejected,"FAIL: followers: 3,490,000 followers (allowed 5,000-100,000); engagement: 1.67% (min 2.0%)",Not Available,Not Available,IN,Not Available,Not Available,Not Available,Not Available,youtube_data_api_v3
Suyash Fashion,YouTube,3470000,2.98,Unclassified,Not Available,https://www.youtube.com/@suyashfashion3847,makeup,rejected,"FAIL: followers: 3,470,000 followers (allowed 5,000-100,000); niche_relevance: niche=Unclassified, relevance=0.07 (min 0.3)",Not Available,Not Available,IN,Not Available,Not Available,Not Available,Not Available,youtube_data_api_v3
Ruchika Rathore,YouTube,3240000,3.99,Beauty,Not Available,https://www.youtube.com/@ruchikarathoreofficial,"makeup, styling",rejected,"FAIL: followers: 3,240,000 followers (allowed 5,000-100,000); niche_relevance: niche=Beauty, relevance=0.21 (min 0.3)",Not Available,Not Available,IN,Not Available,Not Available,Not Available,Not Available,youtube_data_api_v3
Harper Zilmer,YouTube,3220000,7.41,Unclassified,Not Available,https://www.youtube.com/@harperzilmer,makeup,rejected,"FAIL: followers: 3,220,000 followers (allowed 5,000-100,000); niche_relevance: niche=Unclassified, relevance=0.07 (min 0.3)",Not Available,Not Available,Not Available,Not Available,Not Available,Not Available,Not Available,youtube_data_api_v3
Nikki Lilly,YouTube,3150000,3.04,Beauty,Not Available,https://www.youtube.com/@nikkililly,"makeup, styling, hauls",rejected,"FAIL: followers: 3,150,000 followers (allowed 5,000-100,000)",Not Available,Not Available,GB,Not Available,Not Available,Not Available,Not Available,youtube_data_api_v3
Anushka Sen,YouTube,3110000,4.03,Beauty,Not Available,https://www.youtube.com/@anushkasen04,skincare,rejected,"FAIL: followers: 3,110,000 followers (allowed 5,000-100,000)",Not Available,Not Available,IN,Not Available,Not Available,Not Available,Not Available,youtube_data_api_v3
Jooshica,YouTube,2950000,6.72,Beauty,Not Available,https://www.youtube.com/@jooshica6178,"makeup, skincare, styling",rejected,"FAIL: followers: 2,950,000 followers (allowed 5,000-100,000)",Not Available,Not Available,US,Not Available,Not Available,Not Available,Not Available,youtube_data_api_v3
Vanessa Moynihan,YouTube,2910000,3.45,Fashion,Not Available,https://www.youtube.com/@vivacioushoney,styling,rejected,"FAIL: followers: 2,910,000 followers (allowed 5,000-100,000)",Not Available,Not Available,US,Not Available,Not Available,Not Available,Not Available,youtube_data_api_v3
Mrs. Bench,YouTube,2820000,3.62,Unclassified,Not Available,https://www.youtube.com/@mrsbench,Not Available,rejected,"FAIL: followers: 2,820,000 followers (allowed 5,000-100,000); niche_relevance: niche=Unclassified, relevance=0.0 (min 0.3)",Not Available,Not Available,US,Not Available,Not Available,Not Available,Not Available,youtube_data_api_v3
Hailey Rhode Bieber,YouTube,2760000,2.53,Beauty,Not Available,https://www.youtube.com/@haileyrhodebieber,"makeup, skincare, styling",rejected,"FAIL: followers: 2,760,000 followers (allowed 5,000-100,000); recent_activity: last post 517 days ago (max 90)",Not Available,Not Available,US,Not Available,Not Available,Not Available,Not Available,youtube_data_api_v3
An Knook,YouTube,2750000,3.37,Beauty,Not Available,https://www.youtube.com/@anknook,makeup,rejected,"FAIL: followers: 2,750,000 followers (allowed 5,000-100,000)",Not Available,Not Available,NL,Not Available,Not Available,Not Available,Not Available,youtube_data_api_v3
Pierre Dalati,YouTube,2740000,5.19,Unclassified,Not Available,https://www.youtube.com/@dalati,Not Available,rejected,"FAIL: followers: 2,740,000 followers (allowed 5,000-100,000); niche_relevance: niche=Unclassified, relevance=0.0 (min 0.3)",Not Available,Not Available,CA,Not Available,Not Available,Not Available,Not Available,youtube_data_api_v3
Beauty Within,YouTube,2710000,3.16,Beauty,Not Available,https://www.youtube.com/@beautywithin,"makeup, haircare, skincare",rejected,"FAIL: followers: 2,710,000 followers (allowed 5,000-100,000)",Not Available,Not Available,US,Not Available,Not Available,Not Available,Not Available,youtube_data_api_v3
Dr Dray,YouTube,2690000,3.91,Beauty,Not Available,https://www.youtube.com/@drdrayzday,"skincare, haircare",rejected,"FAIL: followers: 2,690,000 followers (allowed 5,000-100,000)",Not Available,Not Available,US,Not Available,Not Available,Not Available,Not Available,youtube_data_api_v3
urmila,YouTube,2610000,2.69,Unclassified,Not Available,https://www.youtube.com/@urmilaaa,Not Available,rejected,"FAIL: followers: 2,610,000 followers (allowed 5,000-100,000); niche_relevance: niche=Unclassified, relevance=0.0 (min 0.3)",Not Available,Not Available,IN,Not Available,Not Available,Not Available,Not Available,youtube_data_api_v3
Kaushal,YouTube,2510000,1.97,Fashion & Beauty,Not Available,https://www.youtube.com/@justkaushal,"makeup, accessories, styling",rejected,"FAIL: followers: 2,510,000 followers (allowed 5,000-100,000); engagement: 1.97% (min 2.0%); niche_relevance: niche=Fashion & Beauty, relevance=0.28 (min 0.3)",Not Available,Not Available,GB,Not Available,Not Available,Not Available,Not Available,youtube_data_api_v3
Cassandra Bankson,YouTube,2460000,2.67,Beauty,Not Available,https://www.youtube.com/@cassandrabankson,"skincare, makeup",rejected,"FAIL: followers: 2,460,000 followers (allowed 5,000-100,000)",Not Available,Not Available,US,Not Available,Not Available,Not Available,Not Available,youtube_data_api_v3
emma & georgia,YouTube,2260000,3.59,Unclassified,Not Available,https://www.youtube.com/@emma_and_georgia,Not Available,rejected,"FAIL: followers: 2,260,000 followers (allowed 5,000-100,000); niche_relevance: niche=Unclassified, relevance=0.0 (min 0.3)",Not Available,Not Available,Not Available,Not Available,Not Available,Not Available,Not Available,youtube_data_api_v3
By Fannys,YouTube,2240000,5.14,Beauty,Not Available,https://www.youtube.com/@by..fannys,skincare,rejected,"FAIL: followers: 2,240,000 followers (allowed 5,000-100,000)",Not Available,Not Available,Not Available,Not Available,Not Available,Not Available,Not Available,youtube_data_api_v3
Dr. Rakshita Singh,YouTube,2240000,3.47,Unclassified,Not Available,https://www.youtube.com/@drrakshitasingh,skincare,rejected,"FAIL: followers: 2,240,000 followers (allowed 5,000-100,000); niche_relevance: niche=Unclassified, relevance=0.07 (min 0.3)",Not Available,Not Available,IN,Not Available,Not Available,Not Available,Not Available,youtube_data_api_v3
Jessica Vu,YouTube,2150000,4.32,Beauty,Not Available,https://www.youtube.com/@jessyluxe,"makeup, skincare, haircare, styling",rejected,"FAIL: followers: 2,150,000 followers (allowed 5,000-100,000)",Not Available,Not Available,US,Not Available,Not Available,Not Available,Not Available,youtube_data_api_v3
Lisa Eldridge,YouTube,2120000,2.85,Beauty,Not Available,https://www.youtube.com/@lisaeldridge,"makeup, skincare, styling",rejected,"FAIL: followers: 2,120,000 followers (allowed 5,000-100,000)",Not Available,Not Available,Not Available,Not Available,Not Available,Not Available,Not Available,youtube_data_api_v3
SimplyMyStyle!! unni,YouTube,2030000,1.25,Beauty,Not Available,https://www.youtube.com/@simplymystyleunni,"skincare, haircare, makeup, styling",rejected,"FAIL: followers: 2,030,000 followers (allowed 5,000-100,000); engagement: 1.25% (min 2.0%)",Not Available,Not Available,IN,Not Available,Not Available,Not Available,Not Available,youtube_data_api_v3
Danny Rayes,YouTube,2030000,5.72,Unclassified,Not Available,https://www.youtube.com/@dannyrayes,Not Available,rejected,"FAIL: followers: 2,030,000 followers (allowed 5,000-100,000); niche_relevance: niche=Unclassified, relevance=0.0 (min 0.3)",Not Available,Not Available,US,Not Available,Not Available,Not Available,Not Available,youtube_data_api_v3
Garza Crew,YouTube,2020000,1.67,Beauty,Not Available,https://www.youtube.com/@garzacrew,"skincare, makeup",rejected,"FAIL: followers: 2,020,000 followers (allowed 5,000-100,000); engagement: 1.67% (min 2.0%)",Not Available,Not Available,US,Not Available,Not Available,Not Available,Not Available,youtube_data_api_v3
Juliette Weg,YouTube,2020000,4.81,Unclassified,Not Available,https://www.youtube.com/@juliettewegg,Not Available,rejected,"FAIL: followers: 2,020,000 followers (allowed 5,000-100,000); niche_relevance: niche=Unclassified, relevance=0.0 (min 0.3)",Not Available,Not Available,Not Available,Not Available,Not Available,Not Available,Not Available,youtube_data_api_v3
Akanksha Soni,YouTube,2010000,5.89,Fashion & Beauty,Not Available,https://www.youtube.com/@akankshasoni,"makeup, styling, haircare, skincare",rejected,"FAIL: followers: 2,010,000 followers (allowed 5,000-100,000)",Not Available,Not Available,Not Available,Not Available,Not Available,Not Available,Not Available,youtube_data_api_v3
kayla malec,YouTube,1930000,3.0,Unclassified,Not Available,https://www.youtube.com/@kaylamallecc,Not Available,rejected,"FAIL: followers: 1,930,000 followers (allowed 5,000-100,000); niche_relevance: niche=Unclassified, relevance=0.0 (min 0.3); recent_activity: last post 359 days ago (max 90)",Not Available,Not Available,US,Not Available,Not Available,Not Available,Not Available,youtube_data_api_v3
sitil imoet🥺,YouTube,1920000,2.24,Unclassified,Not Available,https://www.youtube.com/@sitil_imoet,makeup,rejected,"FAIL: followers: 1,920,000 followers (allowed 5,000-100,000); niche_relevance: niche=Unclassified, relevance=0.07 (min 0.3)",Not Available,Not Available,Not Available,Not Available,Not Available,Not Available,Not Available,youtube_data_api_v3
Khichi Beauty,YouTube,1860000,1.68,Beauty,Not Available,https://www.youtube.com/@khichibeauty,"skincare, makeup, haircare, styling",rejected,"FAIL: followers: 1,860,000 followers (allowed 5,000-100,000); engagement: 1.68% (min 2.0%)",Not Available,Not Available,US,Not Available,Not Available,Not Available,Not Available,youtube_data_api_v3
alena,YouTube,1800000,6.28,Fashion & Beauty,Not Available,https://www.youtube.com/@alenayuan,"haircare, makeup, hauls, nails",rejected,"FAIL: followers: 1,800,000 followers (allowed 5,000-100,000)",Not Available,Not Available,US,Not Available,Not Available,Not Available,Not Available,youtube_data_api_v3
Urmila Nimbalkar,YouTube,1780000,2.12,Beauty,Not Available,https://www.youtube.com/@urmilanimbalkar,"skincare, makeup, styling",rejected,"FAIL: followers: 1,780,000 followers (allowed 5,000-100,000)",Not Available,Not Available,IN,Not Available,Not Available,Not Available,Not Available,youtube_data_api_v3
Asma Khan,YouTube,1780000,4.04,Beauty,Not Available,https://www.youtube.com/@asmamakeupstudio,"makeup, styling",rejected,"FAIL: followers: 1,780,000 followers (allowed 5,000-100,000)",Not Available,Not Available,PK,Not Available,Not Available,Not Available,Not Available,youtube_data_api_v3
Divya Vlogs,YouTube,1780000,2.45,Fashion,Not Available,https://www.youtube.com/@divyavlogstelugu,"styling, makeup",rejected,"FAIL: followers: 1,780,000 followers (allowed 5,000-100,000)",Not Available,Not Available,Not Available,Not Available,Not Available,Not Available,Not Available,youtube_data_api_v3
SHEF,YouTube,1760000,2.64,Beauty,Not Available,https://www.youtube.com/@shefalirawat,"skincare, haircare, hauls, makeup",rejected,"FAIL: followers: 1,760,000 followers (allowed 5,000-100,000)",Not Available,Not Available,IN,Not Available,Not Available,Not Available,Not Available,youtube_data_api_v3
Kirra Lee,YouTube,1750000,9.13,Unclassified,Not Available,https://www.youtube.com/@leekirra,Not Available,rejected,"FAIL: followers: 1,750,000 followers (allowed 5,000-100,000); niche_relevance: niche=Unclassified, relevance=0.0 (min 0.3)",Not Available,Not Available,Not Available,Not Available,Not Available,Not Available,Not Available,youtube_data_api_v3
alessya farrugia,YouTube,1720000,4.11,Beauty,Not Available,https://www.youtube.com/@alessyafarrugia,"makeup, skincare, haircare, styling",rejected,"FAIL: followers: 1,720,000 followers (allowed 5,000-100,000)",Not Available,Not Available,US,Not Available,Not Available,Not Available,Not Available,youtube_data_api_v3
Dr. Shereene Idriss,YouTube,1720000,2.86,Beauty,Not Available,https://www.youtube.com/@shereeneidriss,skincare,rejected,"FAIL: followers: 1,720,000 followers (allowed 5,000-100,000)",Not Available,Not Available,US,Not Available,Not Available,Not Available,Not Available,youtube_data_api_v3
Hindash,YouTube,1720000,4.3,Beauty,Not Available,https://www.youtube.com/@hindash,makeup,rejected,"FAIL: followers: 1,720,000 followers (allowed 5,000-100,000)",Not Available,Not Available,AE,Not Available,Not Available,Not Available,Not Available,youtube_data_api_v3
Mariah,YouTube,1710000,6.8,Beauty,Not Available,https://www.youtube.com/@yomariah,makeup,rejected,"FAIL: followers: 1,710,000 followers (allowed 5,000-100,000); niche_relevance: niche=Beauty, relevance=0.14 (min 0.3)",Not Available,Not Available,Not Available,Not Available,Not Available,Not Available,Not Available,youtube_data_api_v3
Lisi Shops,YouTube,1710000,5.66,Beauty,Not Available,https://www.youtube.com/@lisi.shopsyoutube,"makeup, styling",rejected,"FAIL: followers: 1,710,000 followers (allowed 5,000-100,000)",Not Available,Not Available,Not Available,Not Available,Not Available,Not Available,Not Available,youtube_data_api_v3
hidaya🎀,YouTube,1650000,4.0,Fashion,Not Available,https://www.youtube.com/@hidayabll,"hauls, makeup",rejected,"FAIL: followers: 1,650,000 followers (allowed 5,000-100,000); niche_relevance: niche=Fashion, relevance=0.28 (min 0.3)",Not Available,Not Available,FR,Not Available,Not Available,Not Available,Not Available,youtube_data_api_v3
Emma Grace,YouTube,1640000,2.93,Fashion,Not Available,https://www.youtube.com/@theemmagrace,"accessories, makeup, styling",rejected,"FAIL: followers: 1,640,000 followers (allowed 5,000-100,000); niche_relevance: niche=Fashion, relevance=0.21 (min 0.3)",Not Available,Not Available,Not Available,Not Available,Not Available,Not Available,Not Available,youtube_data_api_v3
Matt Randon,YouTube,1620000,3.53,Beauty,Not Available,https://www.youtube.com/@mattrandon,"haircare, skincare",rejected,"FAIL: followers: 1,620,000 followers (allowed 5,000-100,000)",Not Available,Not Available,GB,Not Available,Not Available,Not Available,Not Available,youtube_data_api_v3
Alice Wu,YouTube,1610000,4.21,Beauty,Not Available,https://www.youtube.com/@mialicevlogs,makeup,rejected,"FAIL: followers: 1,610,000 followers (allowed 5,000-100,000); niche_relevance: niche=Beauty, relevance=0.14 (min 0.3)",Not Available,Not Available,US,Not Available,Not Available,Not Available,Not Available,youtube_data_api_v3
Kaitlyn Johnson,YouTube,1580000,7.11,Beauty,Not Available,https://www.youtube.com/@kaitlynjohnson,"nails, hauls, accessories, skincare",rejected,"FAIL: followers: 1,580,000 followers (allowed 5,000-100,000); niche_relevance: niche=Beauty, relevance=0.21 (min 0.3)",Not Available,Not Available,US,Not Available,Not Available,Not Available,Not Available,youtube_data_api_v3
James Welsh,YouTube,1580000,2.73,Beauty,Not Available,https://www.youtube.com/@jameswelsh,"skincare, styling",rejected,"FAIL: followers: 1,580,000 followers (allowed 5,000-100,000)",Not Available,Not Available,GB,Not Available,Not Available,Not Available,Not Available,youtube_data_api_v3
Milabu,YouTube,1570000,2.51,Fashion,Not Available,https://www.youtube.com/@milabuco,"styling, makeup",rejected,"FAIL: followers: 1,570,000 followers (allowed 5,000-100,000); recent_activity: last post 301 days ago (max 90)",Not Available,Not Available,US,Not Available,Not Available,Not Available,Not Available,youtube_data_api_v3
eslis,YouTube,1570000,3.02,Unclassified,Not Available,https://www.youtube.com/@eslielsa,Not Available,rejected,"FAIL: followers: 1,570,000 followers (allowed 5,000-100,000); niche_relevance: niche=Unclassified, relevance=0.0 (min 0.3)",Not Available,Not Available,Not Available,Not Available,Not Available,Not Available,Not Available,youtube_data_api_v3
D BeautyBlush,YouTube,1530000,3.53,Fashion & Beauty,Not Available,https://www.youtube.com/@dbeautyblush,"makeup, skincare, hauls, accessories",rejected,"FAIL: followers: 1,530,000 followers (allowed 5,000-100,000)",Not Available,Not Available,IN,Not Available,Not Available,Not Available,Not Available,youtube_data_api_v3
TheMakeupChair,YouTube,1520000,4.62,Beauty,Not Available,https://www.youtube.com/@themakeupchair,makeup,rejected,"FAIL: followers: 1,520,000 followers (allowed 5,000-100,000)",Not Available,Not Available,IE,Not Available,Not Available,Not Available,Not Available,youtube_data_api_v3
Yashita Rai,YouTube,1490000,4.78,Fashion & Beauty,Not Available,https://www.youtube.com/@yashitarai,"makeup, hauls, haircare, accessories",rejected,"FAIL: followers: 1,490,000 followers (allowed 5,000-100,000)",Not Available,Not Available,IN,Not Available,Not Available,Not Available,Not Available,youtube_data_api_v3
Gabi Jones,YouTube,1470000,7.3,Fashion,Not Available,https://www.youtube.com/@gabis_vintage,styling,rejected,"FAIL: followers: 1,470,000 followers (allowed 5,000-100,000)",Not Available,Not Available,Not Available,Not Available,Not Available,Not Available,Not Available,youtube_data_api_v3
Mixed Makeup,YouTube,1460000,2.15,Beauty,Not Available,https://www.youtube.com/@mixedmakeup,"makeup, skincare, styling, haircare",rejected,"FAIL: followers: 1,460,000 followers (allowed 5,000-100,000)",Not Available,Not Available,US,Not Available,Not Available,Not Available,Not Available,youtube_data_api_v3
Mirta Miler,YouTube,1450000,6.4,Unclassified,Not Available,https://www.youtube.com/@makeupmimier,makeup,rejected,"FAIL: followers: 1,450,000 followers (allowed 5,000-100,000); niche_relevance: niche=Unclassified, relevance=0.07 (min 0.3)",Not Available,Not Available,US,Not Available,Not Available,Not Available,Not Available,youtube_data_api_v3
Alexandra Anele,YouTube,1440000,5.26,Beauty,Not Available,https://www.youtube.com/@alexandraanele,"makeup, skincare",rejected,"FAIL: followers: 1,440,000 followers (allowed 5,000-100,000)",Not Available,Not Available,US,Not Available,Not Available,Not Available,Not Available,youtube_data_api_v3
Meredith Duxbury,YouTube,1440000,3.4,Beauty,Not Available,https://www.youtube.com/@meredithduxbury,"styling, makeup",rejected,"FAIL: followers: 1,440,000 followers (allowed 5,000-100,000)",Not Available,Not Available,Not Available,Not Available,Not Available,Not Available,Not Available,youtube_data_api_v3
Shahnaz Shimul,YouTube,1430000,2.46,Beauty,Not Available,https://www.youtube.com/@shahnazshimul,"makeup, skincare, styling",rejected,"FAIL: followers: 1,430,000 followers (allowed 5,000-100,000)",Not Available,Not Available,GB,Not Available,Not Available,Not Available,Not Available,youtube_data_api_v3
Kaur Tips,YouTube,1430000,1.59,Beauty,Not Available,https://www.youtube.com/@kaurtips,"makeup, haircare, styling, skincare",rejected,"FAIL: followers: 1,430,000 followers (allowed 5,000-100,000); engagement: 1.59% (min 2.0%)",Not Available,Not Available,IN,Not Available,Not Available,Not Available,Not Available,youtube_data_api_v3
dear peachie,YouTube,1400000,3.67,Beauty,Not Available,https://www.youtube.com/@dearpeachie,"makeup, haircare",rejected,"FAIL: followers: 1,400,000 followers (allowed 5,000-100,000)",Not Available,Not Available,Not Available,Not Available,Not Available,Not Available,Not Available,youtube_data_api_v3
Operation Niki,YouTube,1390000,6.21,Beauty,Not Available,https://www.youtube.com/@operationniki,"makeup, skincare",rejected,"FAIL: followers: 1,390,000 followers (allowed 5,000-100,000); niche_relevance: niche=Beauty, relevance=0.14 (min 0.3)",Not Available,Not Available,US,Not Available,Not Available,Not Available,Not Available,youtube_data_api_v3
Ali Andreea,YouTube,1390000,3.41,Beauty,Not Available,https://www.youtube.com/@aliandreea,"makeup, styling, skincare",rejected,"FAIL: followers: 1,390,000 followers (allowed 5,000-100,000)",Not Available,Not Available,US,Not Available,Not Available,Not Available,Not Available,youtube_data_api_v3
Devienna Makeup,YouTube,1380000,3.68,Fashion & Beauty,Not Available,https://www.youtube.com/@deviennaaa,"makeup, hauls",rejected,"FAIL: followers: 1,380,000 followers (allowed 5,000-100,000); recent_activity: last post 287 days ago (max 90)",Not Available,Not Available,ID,Not Available,Not Available,Not Available,Not Available,youtube_data_api_v3
Haley Kim,YouTube,1370000,3.4,Beauty,Not Available,https://www.youtube.com/@haleykimaking,makeup,rejected,"FAIL: followers: 1,370,000 followers (allowed 5,000-100,000)",Not Available,Not Available,US,Not Available,Not Available,Not Available,Not Available,youtube_data_api_v3
minday (Tok Tok Tok),YouTube,1360000,2.66,Beauty,Not Available,https://www.youtube.com/@mindaylee,skincare,rejected,"FAIL: followers: 1,360,000 followers (allowed 5,000-100,000)",Not Available,Not Available,KR,Not Available,Not Available,Not Available,Not Available,youtube_data_api_v3
ZolieSkinClinic,YouTube,1360000,2.21,Beauty,Not Available,https://www.youtube.com/@zolieskinclinic,"skincare, haircare",rejected,"FAIL: followers: 1,360,000 followers (allowed 5,000-100,000)",Not Available,Not Available,IN,Not Available,Not Available,Not Available,Not Available,youtube_data_api_v3
Monica Ravi-Conway,YouTube,1360000,6.32,Beauty,Not Available,https://www.youtube.com/@monica.raviii,makeup,rejected,"FAIL: followers: 1,360,000 followers (allowed 5,000-100,000)",Not Available,Not Available,US,Not Available,Not Available,Not Available,Not Available,youtube_data_api_v3
Kriti Sanon,YouTube,1340000,3.32,Unclassified,Not Available,https://www.youtube.com/@kritisanon,styling,rejected,"FAIL: followers: 1,340,000 followers (allowed 5,000-100,000); niche_relevance: niche=Unclassified, relevance=0.07 (min 0.3)",Not Available,Not Available,Not Available,Not Available,Not Available,Not Available,Not Available,youtube_data_api_v3
Lean Ortiz,YouTube,1310000,4.55,Fashion & Beauty,Not Available,https://www.youtube.com/@leanortizzz,"styling, makeup, hauls",rejected,"FAIL: followers: 1,310,000 followers (allowed 5,000-100,000)",Not Available,Not Available,Not Available,Not Available,Not Available,Not Available,Not Available,youtube_data_api_v3
Larana,YouTube,1300000,5.85,Beauty,Not Available,https://www.youtube.com/@larana-i1r,skincare,rejected,"FAIL: followers: 1,300,000 followers (allowed 5,000-100,000)",Not Available,Not Available,Not Available,Not Available,Not Available,Not Available,Not Available,youtube_data_api_v3
Khloe Kardashian,YouTube,1300000,Not Available,Unclassified,Not Available,https://www.youtube.com/@khloekardashian,Not Available,rejected,"FAIL: followers: 1,300,000 followers (allowed 5,000-100,000); engagement: engagement rate unavailable (too few videos with public likes/views); niche_relevance: niche=Unclassified, relevance=0.0 (min 0.3)",Not Available,Not Available,US,Not Available,Not Available,Not Available,Not Available,youtube_data_api_v3
PresLee Faith,YouTube,1260000,8.11,Unclassified,Not Available,https://www.youtube.com/@iampresleefaith,makeup,rejected,"FAIL: followers: 1,260,000 followers (allowed 5,000-100,000); niche_relevance: niche=Unclassified, relevance=0.07 (min 0.3)",Not Available,Not Available,Not Available,Not Available,Not Available,Not Available,Not Available,youtube_data_api_v3
AmalaShaji,YouTube,1240000,3.39,Unclassified,Not Available,https://www.youtube.com/@_amalashaji_,Not Available,rejected,"FAIL: followers: 1,240,000 followers (allowed 5,000-100,000); niche_relevance: niche=Unclassified, relevance=0.0 (min 0.3)",Not Available,Not Available,IN,Not Available,Not Available,Not Available,Not Available,youtube_data_api_v3
Dr. Vanita Rattan,YouTube,1230000,3.52,Beauty,Not Available,https://www.youtube.com/@vanitarattan,"skincare, makeup",rejected,"FAIL: followers: 1,230,000 followers (allowed 5,000-100,000)",Not Available,Not Available,GB,Not Available,Not Available,Not Available,Not Available,youtube_data_api_v3
Vlogsofsona,YouTube,1220000,3.45,Beauty,Not Available,https://www.youtube.com/@vlogsofsona,makeup,rejected,"FAIL: followers: 1,220,000 followers (allowed 5,000-100,000); niche_relevance: niche=Beauty, relevance=0.21 (min 0.3)",Not Available,Not Available,Not Available,Not Available,Not Available,Not Available,Not Available,youtube_data_api_v3
Via Li,YouTube,1180000,4.42,Beauty,Not Available,https://www.youtube.com/@via.ilyouu,makeup,rejected,"FAIL: followers: 1,180,000 followers (allowed 5,000-100,000); niche_relevance: niche=Beauty, relevance=0.14 (min 0.3)",Not Available,Not Available,US,Not Available,Not Available,Not Available,Not Available,youtube_data_api_v3
Helloshreee,YouTube,1140000,1.8,Unclassified,Not Available,https://www.youtube.com/@helloshreee,makeup,rejected,"FAIL: followers: 1,140,000 followers (allowed 5,000-100,000); engagement: 1.8% (min 2.0%); niche_relevance: niche=Unclassified, relevance=0.07 (min 0.3)",Not Available,Not Available,IN,Not Available,Not Available,Not Available,Not Available,youtube_data_api_v3
PK Makeup Studio,YouTube,1110000,2.71,Beauty,Not Available,https://www.youtube.com/@pkmakeupstudio,makeup,rejected,"FAIL: followers: 1,110,000 followers (allowed 5,000-100,000)",Not Available,Not Available,IN,Not Available,Not Available,Not Available,Not Available,youtube_data_api_v3
juicyjas,YouTube,1100000,3.8,Beauty,Not Available,https://www.youtube.com/@juicyjas,"makeup, skincare, haircare, nails",rejected,"FAIL: followers: 1,100,000 followers (allowed 5,000-100,000)",Not Available,Not Available,US,Not Available,Not Available,Not Available,Not Available,youtube_data_api_v3
Mitsuisen,YouTube,1090000,3.58,Beauty,Not Available,https://www.youtube.com/@mitsuisen,"makeup, skincare, haircare",rejected,"FAIL: followers: 1,090,000 followers (allowed 5,000-100,000)",Not Available,Not Available,US,Not Available,Not Available,Not Available,Not Available,youtube_data_api_v3
Christi Fritz,YouTube,1080000,1.65,Unclassified,Not Available,https://www.youtube.com/@christifritz,Not Available,rejected,"FAIL: followers: 1,080,000 followers (allowed 5,000-100,000); engagement: 1.65% (min 2.0%); niche_relevance: niche=Unclassified, relevance=0.0 (min 0.3)",Not Available,Not Available,US,Not Available,Not Available,Not Available,Not Available,youtube_data_api_v3
MissAnand Family Vlogs,YouTube,1070000,1.42,Unclassified,Not Available,https://www.youtube.com/@missanandfamilyvlogs,skincare,rejected,"FAIL: followers: 1,070,000 followers (allowed 5,000-100,000); engagement: 1.42% (min 2.0%); niche_relevance: niche=Unclassified, relevance=0.07 (min 0.3)",Not Available,Not Available,IN,Not Available,Not Available,Not Available,Not Available,youtube_data_api_v3
Noah Altink,YouTube,1070000,1.79,Fashion,Not Available,https://www.youtube.com/@noahaltink,styling,rejected,"FAIL: followers: 1,070,000 followers (allowed 5,000-100,000); engagement: 1.79% (min 2.0%)",Not Available,Not Available,NL,Not Available,Not Available,Not Available,Not Available,youtube_data_api_v3
Amulya Rattan,YouTube,1060000,4.46,Fashion,Not Available,https://www.youtube.com/@amulyarattan,"styling, skincare, makeup, haircare",rejected,"FAIL: followers: 1,060,000 followers (allowed 5,000-100,000)",Not Available,Not Available,IN,Not Available,Not Available,Not Available,Not Available,youtube_data_api_v3
aliya,YouTube,1050000,6.05,Unclassified,Not Available,https://www.youtube.com/@only1aliya,Not Available,rejected,"FAIL: followers: 1,050,000 followers (allowed 5,000-100,000); niche_relevance: niche=Unclassified, relevance=0.0 (min 0.3)",Not Available,Not Available,Not Available,Not Available,Not Available,Not Available,Not Available,youtube_data_api_v3
Parul Saxena,YouTube,1050000,3.04,Beauty,Not Available,https://www.youtube.com/@parulsaxena,"makeup, skincare",rejected,"FAIL: followers: 1,050,000 followers (allowed 5,000-100,000); recent_activity: last post 1461 days ago (max 90)",Not Available,Not Available,NL,Not Available,Not Available,Not Available,Not Available,youtube_data_api_v3
okaysage,YouTube,1030000,4.27,Beauty,Not Available,https://www.youtube.com/@okaysage.,"skincare, makeup, styling",rejected,"FAIL: followers: 1,030,000 followers (allowed 5,000-100,000); recent_activity: last post 184 days ago (max 90)",Not Available,Not Available,US,Not Available,Not Available,Not Available,Not Available,youtube_data_api_v3
Chris Gibson,YouTube,1030000,2.57,Beauty,Not Available,https://www.youtube.com/@chrisgibsonlive,skincare,rejected,"FAIL: followers: 1,030,000 followers (allowed 5,000-100,000)",Not Available,Not Available,US,Not Available,Not Available,Not Available,Not Available,youtube_data_api_v3
EMAN,YouTube,1030000,3.83,Beauty,Not Available,https://www.youtube.com/@emanmakeup,"makeup, styling, hauls",rejected,"FAIL: followers: 1,030,000 followers (allowed 5,000-100,000)",Not Available,Not Available,US,Not Available,Not Available,Not Available,Not Available,youtube_data_api_v3
Kayla Ryan,YouTube,1020000,5.43,Unclassified,Not Available,https://www.youtube.com/@kayla.ryan1,makeup,rejected,"FAIL: followers: 1,020,000 followers (allowed 5,000-100,000); niche_relevance: niche=Unclassified, relevance=0.07 (min 0.3)",Not Available,Not Available,Not Available,Not Available,Not Available,Not Available,Not Available,youtube_data_api_v3
Mrunal Panchal Sharma,YouTube,1010000,4.72,Beauty,Not Available,https://www.youtube.com/@mrunalpanchal,"makeup, hauls",rejected,"FAIL: followers: 1,010,000 followers (allowed 5,000-100,000)",Not Available,Not Available,IN,Not Available,Not Available,Not Available,Not Available,youtube_data_api_v3
SPENCER HEDGES,YouTube,1010000,3.88,Beauty,Not Available,https://www.youtube.com/@thespencerhedges,makeup,rejected,"FAIL: followers: 1,010,000 followers (allowed 5,000-100,000)",Not Available,Not Available,US,Not Available,Not Available,Not Available,Not Available,youtube_data_api_v3
ahnestkitchen,YouTube,1010000,4.2,Unclassified,Not Available,https://www.youtube.com/@ahnestkitchen,Not Available,rejected,"FAIL: followers: 1,010,000 followers (allowed 5,000-100,000); niche_relevance: niche=Unclassified, relevance=0.0 (min 0.3)",Not Available,Not Available,Not Available,Not Available,Not Available,Not Available,Not Available,youtube_data_api_v3
ellimacs sfx makeup,YouTube,1000000,4.36,Beauty,Not Available,https://www.youtube.com/@ellimacssfx,makeup,rejected,"FAIL: followers: 1,000,000 followers (allowed 5,000-100,000)",Not Available,Not Available,SE,Not Available,Not Available,Not Available,Not Available,youtube_data_api_v3
Leanne Page,YouTube,995000,2.13,Beauty,Not Available,https://www.youtube.com/@leannepage,"skincare, makeup",rejected,"FAIL: followers: 995,000 followers (allowed 5,000-100,000)",Not Available,Not Available,Not Available,Not Available,Not Available,Not Available,Not Available,youtube_data_api_v3
Embreigh Courtlyn,YouTube,962000,6.31,Unclassified,Not Available,https://www.youtube.com/@embreighcourtlynn,Not Available,rejected,"FAIL: followers: 962,000 followers (allowed 5,000-100,000); niche_relevance: niche=Unclassified, relevance=0.0 (min 0.3)",Not Available,Not Available,Not Available,Not Available,Not Available,Not Available,Not Available,youtube_data_api_v3
DermAngelo,YouTube,956000,6.54,Beauty,Not Available,https://www.youtube.com/@dermangelo,skincare,rejected,"FAIL: followers: 956,000 followers (allowed 5,000-100,000)",Not Available,Not Available,US,Not Available,Not Available,Not Available,Not Available,youtube_data_api_v3
Lavish Krish,YouTube,935000,3.74,Beauty,Not Available,https://www.youtube.com/@lavish_krish,"makeup, skincare, haircare, styling",rejected,"FAIL: followers: 935,000 followers (allowed 5,000-100,000)",Not Available,Not Available,CA,Not Available,Not Available,Not Available,Not Available,youtube_data_api_v3
milky🥛,YouTube,932000,4.62,Beauty,Not Available,https://www.youtube.com/@milkydew,skincare,rejected,"FAIL: followers: 932,000 followers (allowed 5,000-100,000)",Not Available,Not Available,US,Not Available,Not Available,Not Available,Not Available,youtube_data_api_v3
Simran Kaur Makeovers,YouTube,916000,3.3,Beauty,Not Available,https://www.youtube.com/@simrankaurmakeovers_,"makeup, skincare",rejected,"FAIL: followers: 916,000 followers (allowed 5,000-100,000)",Not Available,Not Available,IN,Not Available,Not Available,Not Available,Not Available,youtube_data_api_v3
Shruti Makeover,YouTube,914000,5.11,Beauty,Not Available,https://www.youtube.com/@shrutimakeover,"makeup, haircare",rejected,"FAIL: followers: 914,000 followers (allowed 5,000-100,000)",Not Available,Not Available,IN,Not Available,Not Available,Not Available,Not Available,youtube_data_api_v3
Kayla Aimée,YouTube,913000,7.51,Beauty,Not Available,https://www.youtube.com/@kaylaimee,"makeup, skincare, haircare, styling",rejected,"FAIL: followers: 913,000 followers (allowed 5,000-100,000); niche_relevance: niche=Beauty, relevance=0.28 (min 0.3)",Not Available,Not Available,Not Available,Not Available,Not Available,Not Available,Not Available,youtube_data_api_v3
Lab Muffin Beauty Science,YouTube,863000,5.3,Beauty,Not Available,https://www.youtube.com/@labmuffinbeautyscience,"skincare, haircare, makeup",rejected,"FAIL: followers: 863,000 followers (allowed 5,000-100,000)",Not Available,Not Available,AU,Not Available,Not Available,Not Available,Not Available,youtube_data_api_v3
Sylvia Geng,YouTube,858000,5.52,Beauty,Not Available,https://www.youtube.com/@sylviageng,"makeup, hauls, haircare",rejected,"FAIL: followers: 858,000 followers (allowed 5,000-100,000); niche_relevance: niche=Beauty, relevance=0.21 (min 0.3)",Not Available,Not Available,Not Available,Not Available,Not Available,Not Available,Not Available,youtube_data_api_v3
Kritika Khurana,YouTube,854000,3.67,Beauty,Not Available,https://www.youtube.com/@kritikathatbohogirl,"makeup, accessories, haircare, styling",rejected,"FAIL: followers: 854,000 followers (allowed 5,000-100,000)",Not Available,Not Available,IN,Not Available,Not Available,Not Available,Not Available,youtube_data_api_v3
Varsha Dsouza,YouTube,851000,2.94,Unclassified,Not Available,https://www.youtube.com/@varshadsouza,Not Available,rejected,"FAIL: followers: 851,000 followers (allowed 5,000-100,000); niche_relevance: niche=Unclassified, relevance=0.0 (min 0.3)",Not Available,Not Available,IN,Not Available,Not Available,Not Available,Not Available,youtube_data_api_v3
Jaqueline Aragon,YouTube,843000,4.85,Unclassified,Not Available,https://www.youtube.com/@jaquelinearagonn,Not Available,rejected,"FAIL: followers: 843,000 followers (allowed 5,000-100,000); niche_relevance: niche=Unclassified, relevance=0.0 (min 0.3)",Not Available,Not Available,Not Available,Not Available,Not Available,Not Available,Not Available,youtube_data_api_v3
Thuppal Pottaass,YouTube,841000,3.35,Beauty,Not Available,https://www.youtube.com/@thuppal_pottaasss,skincare,rejected,"FAIL: followers: 841,000 followers (allowed 5,000-100,000)",Not Available,Not Available,IN,Not Available,Not Available,Not Available,Not Available,youtube_data_api_v3
Miyaeva Renae,YouTube,837000,6.0,Unclassified,Not Available,https://www.youtube.com/@miyaevarenae,Not Available,rejected,"FAIL: followers: 837,000 followers (allowed 5,000-100,000); niche_relevance: niche=Unclassified, relevance=0.0 (min 0.3)",Not Available,Not Available,Not Available,Not Available,Not Available,Not Available,Not Available,youtube_data_api_v3
Malvika Sitlani,YouTube,834000,1.67,Beauty,Not Available,https://www.youtube.com/@malvikasitlaniofficial,makeup,rejected,"FAIL: followers: 834,000 followers (allowed 5,000-100,000); engagement: 1.67% (min 2.0%); niche_relevance: niche=Beauty, relevance=0.14 (min 0.3)",Not Available,Not Available,Not Available,Not Available,Not Available,Not Available,Not Available,youtube_data_api_v3
lay luv,YouTube,830000,3.28,Beauty,Not Available,https://www.youtube.com/@layluv,"makeup, styling",rejected,"FAIL: followers: 830,000 followers (allowed 5,000-100,000); niche_relevance: niche=Beauty, relevance=0.28 (min 0.3)",Not Available,Not Available,US,Not Available,Not Available,Not Available,Not Available,youtube_data_api_v3
Shayne Hydn,YouTube,821000,2.39,Fashion,Not Available,https://www.youtube.com/@shaynehydn,styling,rejected,"FAIL: followers: 821,000 followers (allowed 5,000-100,000)",Not Available,Not Available,Not Available,Not Available,Not Available,Not Available,Not Available,youtube_data_api_v3
Arushi Pahwa,YouTube,805000,2.35,Beauty,Not Available,https://www.youtube.com/@arushipahwa,"makeup, hauls, accessories",rejected,"FAIL: followers: 805,000 followers (allowed 5,000-100,000)",Not Available,Not Available,IN,Not Available,Not Available,Not Available,Not Available,youtube_data_api_v3
ingck,YouTube,799000,2.87,Beauty,Not Available,https://www.youtube.com/@ingck,skincare,rejected,"FAIL: followers: 799,000 followers (allowed 5,000-100,000)",Not Available,Not Available,TH,Not Available,Not Available,Not Available,Not Available,youtube_data_api_v3
JadeyWadey 180,YouTube,787000,2.75,Beauty,Not Available,https://www.youtube.com/@jadeywadey180,"makeup, skincare, haircare",rejected,"FAIL: followers: 787,000 followers (allowed 5,000-100,000)",Not Available,Not Available,US,Not Available,Not Available,Not Available,Not Available,youtube_data_api_v3
Anchal Shukla,YouTube,787000,3.62,Unclassified,Not Available,https://www.youtube.com/@anchalshukla,skincare,rejected,"FAIL: followers: 787,000 followers (allowed 5,000-100,000); niche_relevance: niche=Unclassified, relevance=0.07 (min 0.3)",Not Available,Not Available,IN,Not Available,Not Available,Not Available,Not Available,youtube_data_api_v3
Vanessa Faga,YouTube,787000,10.17,Unclassified,Not Available,https://www.youtube.com/@vanessafaga,skincare,rejected,"FAIL: followers: 787,000 followers (allowed 5,000-100,000); niche_relevance: niche=Unclassified, relevance=0.07 (min 0.3)",Not Available,Not Available,Not Available,Not Available,Not Available,Not Available,Not Available,youtube_data_api_v3
PaisLee and PresLee,YouTube,781000,4.34,Fashion,Not Available,https://www.youtube.com/@paisleeandpresleenelson,"styling, makeup",rejected,"FAIL: followers: 781,000 followers (allowed 5,000-100,000); niche_relevance: niche=Fashion, relevance=0.14 (min 0.3)",Not Available,Not Available,US,Not Available,Not Available,Not Available,Not Available,youtube_data_api_v3
Khushi Malhotra,YouTube,768000,2.95,Beauty,Not Available,https://www.youtube.com/@khushiiimalhotra,"makeup, haircare, skincare, styling",rejected,"FAIL: followers: 768,000 followers (allowed 5,000-100,000)",Not Available,Not Available,IN,Not Available,Not Available,Not Available,Not Available,youtube_data_api_v3
Shreya Jain,YouTube,756000,2.69,Beauty,Not Available,https://www.youtube.com/@shreyajain26,"makeup, skincare, styling, hauls",rejected,"FAIL: followers: 756,000 followers (allowed 5,000-100,000)",Not Available,Not Available,IN,Not Available,Not Available,Not Available,Not Available,youtube_data_api_v3
Ankita Chaturvedi (Corallista),YouTube,755000,1.48,Beauty,Not Available,https://www.youtube.com/@corallista,"makeup, skincare, haircare, styling",rejected,"FAIL: followers: 755,000 followers (allowed 5,000-100,000); engagement: 1.48% (min 2.0%)",Not Available,Not Available,GB,Not Available,Not Available,Not Available,Not Available,youtube_data_api_v3
Makeup Maniac By Linda,YouTube,753000,2.23,Beauty,Not Available,https://www.youtube.com/@makeupmaniacbylindasince2015,"makeup, skincare, haircare",rejected,"FAIL: followers: 753,000 followers (allowed 5,000-100,000)",Not Available,Not Available,BD,Not Available,Not Available,Not Available,Not Available,youtube_data_api_v3
💕Shanaya Sharma 💕,YouTube,737000,4.76,Fashion & Beauty,Not Available,https://www.youtube.com/@shanayasharma5565,"makeup, styling, haircare, skincare",rejected,"FAIL: followers: 737,000 followers (allowed 5,000-100,000)",Not Available,Not Available,IN,Not Available,Not Available,Not Available,Not Available,youtube_data_api_v3
Nina Ubhi,YouTube,733000,3.28,Beauty,Not Available,https://www.youtube.com/@ninaubhi1,makeup,rejected,"FAIL: followers: 733,000 followers (allowed 5,000-100,000)",Not Available,Not Available,AE,Not Available,Not Available,Not Available,Not Available,youtube_data_api_v3
Facedecor,YouTube,731000,2.16,Beauty,Not Available,https://www.youtube.com/@facedecor,"skincare, haircare, styling",rejected,"FAIL: followers: 731,000 followers (allowed 5,000-100,000)",Not Available,Not Available,IN,Not Available,Not Available,Not Available,Not Available,youtube_data_api_v3
Dr. Daniel Sugai,YouTube,721000,4.06,Beauty,Not Available,https://www.youtube.com/@danielsugaimd,skincare,rejected,"FAIL: followers: 721,000 followers (allowed 5,000-100,000)",Not Available,Not Available,US,Not Available,Not Available,Not Available,Not Available,youtube_data_api_v3
Aditi Prabhudeva,YouTube,720000,1.69,Beauty,Not Available,https://www.youtube.com/@aditi_prabhudeva,"makeup, skincare",rejected,"FAIL: followers: 720,000 followers (allowed 5,000-100,000); engagement: 1.69% (min 2.0%)",Not Available,Not Available,IN,Not Available,Not Available,Not Available,Not Available,youtube_data_api_v3
PS world,YouTube,712000,4.42,Beauty,Not Available,https://www.youtube.com/@psworld01,"makeup, hauls, skincare, styling",rejected,"FAIL: followers: 712,000 followers (allowed 5,000-100,000)",Not Available,Not Available,Not Available,Not Available,Not Available,Not Available,Not Available,youtube_data_api_v3
Anushka Hazra,YouTube,712000,4.05,Fashion,Not Available,https://www.youtube.com/@anushkahazraa,"styling, makeup",rejected,"FAIL: followers: 712,000 followers (allowed 5,000-100,000)",Not Available,Not Available,IN,Not Available,Not Available,Not Available,Not Available,youtube_data_api_v3
THE FIZAH KHAN,YouTube,711000,7.27,Beauty,Not Available,https://www.youtube.com/@thefizahkhan,makeup,rejected,"FAIL: followers: 711,000 followers (allowed 5,000-100,000); niche_relevance: niche=Beauty, relevance=0.21 (min 0.3)",Not Available,Not Available,IN,Not Available,Not Available,Not Available,Not Available,youtube_data_api_v3
Aditya Madiraju,YouTube,708000,4.33,Beauty,Not Available,https://www.youtube.com/@adityamadiraju,"makeup, styling, skincare",rejected,"FAIL: followers: 708,000 followers (allowed 5,000-100,000)",Not Available,Not Available,US,Not Available,Not Available,Not Available,Not Available,youtube_data_api_v3
Morgan McGuire,YouTube,707000,6.58,Unclassified,Not Available,https://www.youtube.com/@morganmcguirept2,makeup,rejected,"FAIL: followers: 707,000 followers (allowed 5,000-100,000); niche_relevance: niche=Unclassified, relevance=0.07 (min 0.3)",Not Available,Not Available,Not Available,Not Available,Not Available,Not Available,Not Available,youtube_data_api_v3
Kiran Tutorials 💗,YouTube,704000,5.37,Beauty,Not Available,https://www.youtube.com/@kirantutorials6,"makeup, skincare, haircare",rejected,"FAIL: followers: 704,000 followers (allowed 5,000-100,000)",Not Available,Not Available,IN,Not Available,Not Available,Not Available,Not Available,youtube_data_api_v3
sunnydahye,YouTube,688000,3.71,Beauty,Not Available,https://www.youtube.com/@sunnydahye,"skincare, makeup, haircare, hauls",rejected,"FAIL: followers: 688,000 followers (allowed 5,000-100,000)",Not Available,Not Available,US,Not Available,Not Available,Not Available,Not Available,youtube_data_api_v3
Sonya Styles,YouTube,686000,4.51,Beauty,Not Available,https://www.youtube.com/@sonya_styles,"makeup, styling",rejected,"FAIL: followers: 686,000 followers (allowed 5,000-100,000)",Not Available,Not Available,US,Not Available,Not Available,Not Available,Not Available,youtube_data_api_v3
Chetali Chadha,YouTube,684000,2.2,Beauty,Not Available,https://www.youtube.com/@chetalia,"skincare, makeup, haircare, fragrance",rejected,"FAIL: followers: 684,000 followers (allowed 5,000-100,000)",Not Available,Not Available,IN,Not Available,Not Available,Not Available,Not Available,youtube_data_api_v3
Rena fathima 🌷,YouTube,680000,3.09,Unclassified,Not Available,https://www.youtube.com/@renaafathimaa,Not Available,rejected,"FAIL: followers: 680,000 followers (allowed 5,000-100,000); niche_relevance: niche=Unclassified, relevance=0.0 (min 0.3)",Not Available,Not Available,IN,Not Available,Not Available,Not Available,Not Available,youtube_data_api_v3
Harper Phillips,YouTube,672000,3.07,Beauty,Not Available,https://www.youtube.com/@lifewithharp,makeup,rejected,"FAIL: followers: 672,000 followers (allowed 5,000-100,000); niche_relevance: niche=Beauty, relevance=0.14 (min 0.3)",Not Available,Not Available,Not Available,Not Available,Not Available,Not Available,Not Available,youtube_data_api_v3
Elaina Michelle,YouTube,664000,5.2,Beauty,Not Available,https://www.youtube.com/@elainamich,"makeup, nails, styling",rejected,"FAIL: followers: 664,000 followers (allowed 5,000-100,000)",Not Available,Not Available,Not Available,Not Available,Not Available,Not Available,Not Available,youtube_data_api_v3
Sharmili Chakraborty,YouTube,659000,5.53,Fashion & Beauty,Not Available,https://www.youtube.com/@sharmilichakraborty,"makeup, styling, skincare, haircare",rejected,"FAIL: followers: 659,000 followers (allowed 5,000-100,000)",Not Available,Not Available,IN,Not Available,Not Available,Not Available,Not Available,youtube_data_api_v3
Jessy Hartel,YouTube,646000,2.87,Beauty,Not Available,https://www.youtube.com/@jessyhartel1,makeup,rejected,"FAIL: followers: 646,000 followers (allowed 5,000-100,000)",Not Available,Not Available,Not Available,Not Available,Not Available,Not Available,Not Available,youtube_data_api_v3
Lauren Kim,YouTube,609000,8.35,Beauty,Not Available,https://www.youtube.com/@laurenkimofficial,"makeup, styling, nails",rejected,"FAIL: followers: 609,000 followers (allowed 5,000-100,000)",Not Available,Not Available,US,Not Available,Not Available,Not Available,Not Available,youtube_data_api_v3
Hung Vanngo,YouTube,607000,6.2,Beauty,Not Available,https://www.youtube.com/@hungvanngo,makeup,rejected,"FAIL: followers: 607,000 followers (allowed 5,000-100,000)",Not Available,Not Available,US,Not Available,Not Available,Not Available,Not Available,youtube_data_api_v3
Alfiya Karim Khan,YouTube,595000,3.95,Fashion,Not Available,https://www.youtube.com/@alfiyakarimkhann,"accessories, hauls, styling",rejected,"FAIL: followers: 595,000 followers (allowed 5,000-100,000)",Not Available,Not Available,IN,Not Available,Not Available,Not Available,Not Available,youtube_data_api_v3
Butler Family Functions,YouTube,594000,8.17,Unclassified,Not Available,https://www.youtube.com/@butlerfamilyfunctions,Not Available,rejected,"FAIL: followers: 594,000 followers (allowed 5,000-100,000); niche_relevance: niche=Unclassified, relevance=0.0 (min 0.3)",Not Available,Not Available,US,Not Available,Not Available,Not Available,Not Available,youtube_data_api_v3
Jan Angelo,YouTube,585000,2.13,Beauty,Not Available,https://www.youtube.com/@ongiel,"skincare, styling",rejected,"FAIL: followers: 585,000 followers (allowed 5,000-100,000)",Not Available,Not Available,PH,Not Available,Not Available,Not Available,Not Available,youtube_data_api_v3
Chastity Nolan,YouTube,574000,5.96,Beauty,Not Available,https://www.youtube.com/@chastitynolan,"makeup, nails",rejected,"FAIL: followers: 574,000 followers (allowed 5,000-100,000)",Not Available,Not Available,US,Not Available,Not Available,Not Available,Not Available,youtube_data_api_v3
Ishani Mitra,YouTube,571000,3.13,Beauty,Not Available,https://www.youtube.com/@ishanimitra2299,"makeup, styling, skincare",rejected,"FAIL: followers: 571,000 followers (allowed 5,000-100,000)",Not Available,Not Available,IN,Not Available,Not Available,Not Available,Not Available,youtube_data_api_v3
♡ Victoria Emily ♡,YouTube,568000,8.07,Beauty,Not Available,https://www.youtube.com/@vixctoria,"makeup, hauls",rejected,"FAIL: followers: 568,000 followers (allowed 5,000-100,000)",Not Available,Not Available,Not Available,Not Available,Not Available,Not Available,Not Available,youtube_data_api_v3
Makeup By Nikki La Rose,YouTube,567000,4.39,Beauty,Not Available,https://www.youtube.com/@makeupbynikkilarose,makeup,rejected,"FAIL: followers: 567,000 followers (allowed 5,000-100,000)",Not Available,Not Available,US,Not Available,Not Available,Not Available,Not Available,youtube_data_api_v3
more to mihika,YouTube,561000,4.72,Beauty,Not Available,https://www.youtube.com/@moretomihika,"makeup, styling",rejected,"FAIL: followers: 561,000 followers (allowed 5,000-100,000)",Not Available,Not Available,IN,Not Available,Not Available,Not Available,Not Available,youtube_data_api_v3
Dr. Danny Guo,YouTube,560000,2.77,Beauty,Not Available,https://www.youtube.com/@drdannyguo,skincare,rejected,"FAIL: followers: 560,000 followers (allowed 5,000-100,000)",Not Available,Not Available,Not Available,Not Available,Not Available,Not Available,Not Available,youtube_data_api_v3
Habiba Choudhary,YouTube,555000,1.96,Beauty,Not Available,https://www.youtube.com/@habibachoudhary,"skincare, makeup",rejected,"FAIL: followers: 555,000 followers (allowed 5,000-100,000); engagement: 1.96% (min 2.0%)",Not Available,Not Available,GB,Not Available,Not Available,Not Available,Not Available,youtube_data_api_v3
KING HENRY RN,YouTube,549000,3.02,Unclassified,Not Available,https://www.youtube.com/@kinghenryrn,Not Available,rejected,"FAIL: followers: 549,000 followers (allowed 5,000-100,000); niche_relevance: niche=Unclassified, relevance=0.0 (min 0.3)",Not Available,Not Available,Not Available,Not Available,Not Available,Not Available,Not Available,youtube_data_api_v3
Abel Cantika,YouTube,542000,1.24,Unclassified,Not Available,https://www.youtube.com/@abelcantika19,Not Available,rejected,"FAIL: followers: 542,000 followers (allowed 5,000-100,000); engagement: 1.24% (min 2.0%); niche_relevance: niche=Unclassified, relevance=0.0 (min 0.3)",Not Available,Not Available,ID,Not Available,Not Available,Not Available,Not Available,youtube_data_api_v3
Glambby,YouTube,537000,4.8,Beauty,Not Available,https://www.youtube.com/@glambby_,makeup,rejected,"FAIL: followers: 537,000 followers (allowed 5,000-100,000)",Not Available,Not Available,US,Not Available,Not Available,Not Available,Not Available,youtube_data_api_v3
Elena Rachitskaya,YouTube,536000,2.49,Beauty,Not Available,https://www.youtube.com/@elenarachitskaya,"makeup, skincare",rejected,"FAIL: followers: 536,000 followers (allowed 5,000-100,000)",Not Available,Not Available,RS,Not Available,Not Available,Not Available,Not Available,youtube_data_api_v3
Shalini Mandal,YouTube,528000,2.73,Beauty,Not Available,https://www.youtube.com/@mandalshalini,"makeup, skincare, styling",rejected,"FAIL: followers: 528,000 followers (allowed 5,000-100,000)",Not Available,Not Available,IN,Not Available,Not Available,Not Available,Not Available,youtube_data_api_v3
Super Makeup Style,YouTube,514000,3.3,Beauty,Not Available,https://www.youtube.com/@supermakeupstyle,"makeup, skincare, haircare",rejected,"FAIL: followers: 514,000 followers (allowed 5,000-100,000)",Not Available,Not Available,IN,Not Available,Not Available,Not Available,Not Available,youtube_data_api_v3
kelly,YouTube,510000,8.69,Beauty,Not Available,https://www.youtube.com/@itsbabykelz,"makeup, skincare",rejected,"FAIL: followers: 510,000 followers (allowed 5,000-100,000)",Not Available,Not Available,Not Available,Not Available,Not Available,Not Available,Not Available,youtube_data_api_v3
sophia lee,YouTube,502000,5.54,Beauty,Not Available,https://www.youtube.com/@sophia.lee113,"makeup, styling, haircare, skincare",rejected,"FAIL: followers: 502,000 followers (allowed 5,000-100,000)",Not Available,Not Available,US,Not Available,Not Available,Not Available,Not Available,youtube_data_api_v3
Gaga Shorts,YouTube,496000,5.04,Beauty,Not Available,https://www.youtube.com/@gagashortss,makeup,rejected,"FAIL: followers: 496,000 followers (allowed 5,000-100,000)",Not Available,Not Available,FR,Not Available,Not Available,Not Available,Not Available,youtube_data_api_v3
Rehna Imiya,YouTube,488000,6.52,Beauty,Not Available,https://www.youtube.com/@rehna_imiya,"makeup, haircare",rejected,"FAIL: followers: 488,000 followers (allowed 5,000-100,000); niche_relevance: niche=Beauty, relevance=0.14 (min 0.3)",Not Available,Not Available,IN,Not Available,Not Available,Not Available,Not Available,youtube_data_api_v3
Shreengaaar,YouTube,483000,6.3,Beauty,Not Available,https://www.youtube.com/@shreengaaar,"skincare, makeup, haircare, styling",rejected,"FAIL: followers: 483,000 followers (allowed 5,000-100,000)",Not Available,Not Available,Not Available,Not Available,Not Available,Not Available,Not Available,youtube_data_api_v3
Shakeel Murtaza,YouTube,482000,2.49,Beauty,Not Available,https://www.youtube.com/@shakeel.murtaza,"fragrance, skincare",rejected,"FAIL: followers: 482,000 followers (allowed 5,000-100,000)",Not Available,Not Available,Not Available,Not Available,Not Available,Not Available,Not Available,youtube_data_api_v3
Its me kuttuzz,YouTube,478000,4.85,Beauty,Not Available,https://www.youtube.com/@itsmekuttuzz,"skincare, hauls",rejected,"FAIL: followers: 478,000 followers (allowed 5,000-100,000)",Not Available,Not Available,IN,Not Available,Not Available,Not Available,Not Available,youtube_data_api_v3
SleepingBeauty,YouTube,474000,2.97,Beauty,Not Available,https://www.youtube.com/@sleepingbeautyytb,"skincare, makeup, styling",rejected,"FAIL: followers: 474,000 followers (allowed 5,000-100,000)",Not Available,Not Available,Not Available,Not Available,Not Available,Not Available,Not Available,youtube_data_api_v3
Shaelly Aliah,YouTube,465000,13.26,Beauty,Not Available,https://www.youtube.com/@shaellyaliah,makeup,rejected,"FAIL: followers: 465,000 followers (allowed 5,000-100,000); niche_relevance: niche=Beauty, relevance=0.14 (min 0.3)",Not Available,Not Available,Not Available,Not Available,Not Available,Not Available,Not Available,youtube_data_api_v3
Subhra's Makeover,YouTube,463000,1.95,Beauty,Not Available,https://www.youtube.com/@subhrasmakeover,makeup,rejected,"FAIL: followers: 463,000 followers (allowed 5,000-100,000); engagement: 1.95% (min 2.0%)",Not Available,Not Available,IN,Not Available,Not Available,Not Available,Not Available,youtube_data_api_v3
Prakriti Singh,YouTube,462000,2.03,Beauty,Not Available,https://www.youtube.com/@prakritisingh,makeup,rejected,"FAIL: followers: 462,000 followers (allowed 5,000-100,000)",Not Available,Not Available,IN,Not Available,Not Available,Not Available,Not Available,youtube_data_api_v3
Neetu Josh Art Co,YouTube,461000,3.04,Beauty,Not Available,https://www.youtube.com/@neetujoshartco,"makeup, haircare, styling",rejected,"FAIL: followers: 461,000 followers (allowed 5,000-100,000); recent_activity: last post 126 days ago (max 90)",Not Available,Not Available,US,Not Available,Not Available,Not Available,Not Available,youtube_data_api_v3
Chinese beauty care,YouTube,461000,5.95,Beauty,Not Available,https://www.youtube.com/@chinesebeauty97,skincare,rejected,"FAIL: followers: 461,000 followers (allowed 5,000-100,000)",Not Available,Not Available,Not Available,Not Available,Not Available,Not Available,Not Available,youtube_data_api_v3
Glow & Glam,YouTube,456000,2.39,Beauty,Not Available,https://www.youtube.com/@makeupglam-u8b,makeup,rejected,"FAIL: followers: 456,000 followers (allowed 5,000-100,000)",Not Available,Not Available,PK,Not Available,Not Available,Not Available,Not Available,youtube_data_api_v3
stephanie rose,YouTube,455000,3.65,Beauty,Not Available,https://www.youtube.com/@stephaniewose,"makeup, skincare",rejected,"FAIL: followers: 455,000 followers (allowed 5,000-100,000); recent_activity: last post 1397 days ago (max 90)",Not Available,Not Available,ID,Not Available,Not Available,Not Available,Not Available,youtube_data_api_v3
MrDanielmakeup,YouTube,453000,3.32,Beauty,Not Available,https://www.youtube.com/@mrdanielmakeup,"makeup, styling",rejected,"FAIL: followers: 453,000 followers (allowed 5,000-100,000); recent_activity: last post 545 days ago (max 90)",Not Available,Not Available,IT,Not Available,Not Available,Not Available,Not Available,youtube_data_api_v3
Madison Sarah,YouTube,440000,2.28,Fashion,Not Available,https://www.youtube.com/@madisonsarah,"styling, makeup",rejected,"FAIL: followers: 440,000 followers (allowed 5,000-100,000)",Not Available,Not Available,GB,Not Available,Not Available,Not Available,Not Available,youtube_data_api_v3
Fiza Makeup Academy,YouTube,438000,2.83,Beauty,Not Available,https://www.youtube.com/@fizamakeupacademy_,"makeup, styling",rejected,"FAIL: followers: 438,000 followers (allowed 5,000-100,000)",Not Available,Not Available,IN,Not Available,Not Available,Not Available,Not Available,youtube_data_api_v3
krystallee,YouTube,437000,3.75,Beauty,Not Available,https://www.youtube.com/@krystallee,skincare,rejected,"FAIL: followers: 437,000 followers (allowed 5,000-100,000)",Not Available,Not Available,US,Not Available,Not Available,Not Available,Not Available,youtube_data_api_v3
Lyly MakeUp,YouTube,434000,4.09,Beauty,Not Available,https://www.youtube.com/@lyly.makeup,makeup,rejected,"FAIL: followers: 434,000 followers (allowed 5,000-100,000)",Not Available,Not Available,Not Available,Not Available,Not Available,Not Available,Not Available,youtube_data_api_v3
Shann Bailee,YouTube,432000,Not Available,Beauty,Not Available,https://www.youtube.com/@shannbailee,"makeup, skincare, haircare, styling",rejected,"FAIL: followers: 432,000 followers (allowed 5,000-100,000); engagement: engagement rate unavailable (too few videos with public likes/views)",Not Available,Not Available,Not Available,Not Available,Not Available,Not Available,Not Available,youtube_data_api_v3
Brianna Roman,YouTube,425000,3.39,Beauty,Not Available,https://www.youtube.com/@briannawasthere,"makeup, styling",rejected,"FAIL: followers: 425,000 followers (allowed 5,000-100,000)",Not Available,Not Available,US,Not Available,Not Available,Not Available,Not Available,youtube_data_api_v3
Farah's Salon,YouTube,413000,3.34,Beauty,Not Available,https://www.youtube.com/@farahssalon,"makeup, styling",rejected,"FAIL: followers: 413,000 followers (allowed 5,000-100,000)",Not Available,Not Available,PK,Not Available,Not Available,Not Available,Not Available,youtube_data_api_v3
Nipun Kapur,YouTube,411000,2.3,Beauty,Not Available,https://www.youtube.com/@nipunkapur,skincare,rejected,"FAIL: followers: 411,000 followers (allowed 5,000-100,000)",Not Available,Not Available,AE,Not Available,Not Available,Not Available,Not Available,youtube_data_api_v3
byimanx,YouTube,408000,2.91,Beauty,Not Available,https://www.youtube.com/@byimanx,"skincare, makeup",rejected,"FAIL: followers: 408,000 followers (allowed 5,000-100,000); niche_relevance: niche=Beauty, relevance=0.14 (min 0.3)",Not Available,Not Available,Not Available,Not Available,Not Available,Not Available,Not Available,youtube_data_api_v3
Lori Hernandez,YouTube,404000,8.38,Beauty,Not Available,https://www.youtube.com/@life.of.lori.,"haircare, makeup, styling",rejected,"FAIL: followers: 404,000 followers (allowed 5,000-100,000); niche_relevance: niche=Beauty, relevance=0.21 (min 0.3)",Not Available,Not Available,Not Available,Not Available,Not Available,Not Available,Not Available,youtube_data_api_v3
Dr. Neera Nathan,YouTube,390000,2.57,Beauty,Not Available,https://www.youtube.com/@dermatologysurgeon,"skincare, haircare",rejected,"FAIL: followers: 390,000 followers (allowed 5,000-100,000)",Not Available,Not Available,Not Available,Not Available,Not Available,Not Available,Not Available,youtube_data_api_v3
leeskin,YouTube,373000,3.26,Beauty,Not Available,https://www.youtube.com/@leeskincare7,skincare,rejected,"FAIL: followers: 373,000 followers (allowed 5,000-100,000)",Not Available,Not Available,Not Available,Not Available,Not Available,Not Available,Not Available,youtube_data_api_v3
Lashay’s Glamz,YouTube,363000,3.55,Beauty,Not Available,https://www.youtube.com/@lashaysglamz,makeup,rejected,"FAIL: followers: 363,000 followers (allowed 5,000-100,000)",Not Available,Not Available,Not Available,Not Available,Not Available,Not Available,Not Available,youtube_data_api_v3
Rose Makeup World,YouTube,354000,5.99,Beauty,Not Available,https://www.youtube.com/@rosemakeupworld,makeup,rejected,"FAIL: followers: 354,000 followers (allowed 5,000-100,000)",Not Available,Not Available,PK,Not Available,Not Available,Not Available,Not Available,youtube_data_api_v3
Annie,YouTube,348000,Not Available,Fashion & Beauty,Not Available,https://www.youtube.com/@anshvirpanditofficial,"hauls, makeup, styling",rejected,"FAIL: followers: 348,000 followers (allowed 5,000-100,000); engagement: engagement rate unavailable (too few videos with public likes/views)",Not Available,Not Available,IN,Not Available,Not Available,Not Available,Not Available,youtube_data_api_v3
Mufidah Mukhtar,YouTube,346000,Not Available,Unclassified,Not Available,https://www.youtube.com/@mufidahmukhtar,Not Available,rejected,"FAIL: followers: 346,000 followers (allowed 5,000-100,000); engagement: engagement rate unavailable (too few videos with public likes/views); niche_relevance: niche=Unclassified, relevance=0.0 (min 0.3); recent_activity: last post 312 days ago (max 90)",Not Available,Not Available,US,Not Available,Not Available,Not Available,Not Available,youtube_data_api_v3
TheGameofMakeup,YouTube,344000,4.44,Beauty,Not Available,https://www.youtube.com/@the_game_of_makeup,makeup,rejected,"FAIL: followers: 344,000 followers (allowed 5,000-100,000)",Not Available,Not Available,IN,Not Available,Not Available,Not Available,Not Available,youtube_data_api_v3
Vithya Hair and Make Up,YouTube,337000,2.64,Beauty,Not Available,https://www.youtube.com/@vithyamakeup,makeup,rejected,"FAIL: followers: 337,000 followers (allowed 5,000-100,000)",Not Available,Not Available,GB,Not Available,Not Available,Not Available,Not Available,youtube_data_api_v3
Riya shakya ᥫ᭡.,YouTube,336000,2.77,Beauty,Not Available,https://www.youtube.com/@riyashakya09,"skincare, haircare",rejected,"FAIL: followers: 336,000 followers (allowed 5,000-100,000)",Not Available,Not Available,Not Available,Not Available,Not Available,Not Available,Not Available,youtube_data_api_v3
Easy makeup by Karishma,YouTube,311000,3.43,Beauty,Not Available,https://www.youtube.com/@easymakeup1767,"makeup, skincare, haircare, styling",rejected,"FAIL: followers: 311,000 followers (allowed 5,000-100,000)",Not Available,Not Available,IN,Not Available,Not Available,Not Available,Not Available,youtube_data_api_v3
BEAUTY MUST,YouTube,307000,Not Available,Beauty,Not Available,https://www.youtube.com/@beautymust,"makeup, skincare, styling",rejected,"FAIL: followers: 307,000 followers (allowed 5,000-100,000); engagement: engagement rate unavailable (too few videos with public likes/views)",Not Available,Not Available,IN,Not Available,Not Available,Not Available,Not Available,youtube_data_api_v3
Glow up girls,YouTube,307000,4.93,Fashion,Not Available,https://www.youtube.com/@glowyglow26,"styling, haircare",rejected,"FAIL: followers: 307,000 followers (allowed 5,000-100,000)",Not Available,Not Available,VN,Not Available,Not Available,Not Available,Not Available,youtube_data_api_v3
tipzzcore,YouTube,306000,3.62,Unclassified,Not Available,https://www.youtube.com/@tipzzcore,Not Available,rejected,"FAIL: followers: 306,000 followers (allowed 5,000-100,000); niche_relevance: niche=Unclassified, relevance=0.0 (min 0.3)",Not Available,Not Available,Not Available,Not Available,Not Available,Not Available,Not Available,youtube_data_api_v3
Typical Sophie,YouTube,296000,2.64,Fashion,Not Available,https://www.youtube.com/@typical_sophie,styling,rejected,"FAIL: followers: 296,000 followers (allowed 5,000-100,000)",Not Available,Not Available,Not Available,Not Available,Not Available,Not Available,Not Available,youtube_data_api_v3
Coral,YouTube,289000,5.27,Fashion & Beauty,Not Available,https://www.youtube.com/@coralmjoseph,"styling, makeup",rejected,"FAIL: followers: 289,000 followers (allowed 5,000-100,000)",Not Available,Not Available,GB,Not Available,Not Available,Not Available,Not Available,youtube_data_api_v3
Uche Natori,YouTube,287000,9.45,Beauty,Not Available,https://www.youtube.com/@uchjn,"makeup, styling",rejected,"FAIL: followers: 287,000 followers (allowed 5,000-100,000); recent_activity: last post 706 days ago (max 90)",Not Available,Not Available,GB,Not Available,Not Available,Not Available,Not Available,youtube_data_api_v3
Jenny Moon,YouTube,283000,4.25,Beauty,Not Available,https://www.youtube.com/@imjennymoon,"makeup, skincare",rejected,"FAIL: followers: 283,000 followers (allowed 5,000-100,000)",Not Available,Not Available,Not Available,Not Available,Not Available,Not Available,Not Available,youtube_data_api_v3
Selena Marchand,YouTube,272000,4.26,Beauty,Not Available,https://www.youtube.com/@selenamup,"makeup, skincare, hauls",rejected,"FAIL: followers: 272,000 followers (allowed 5,000-100,000)",Not Available,Not Available,CA,Not Available,Not Available,Not Available,Not Available,youtube_data_api_v3
LearningWith Nk,YouTube,266000,2.36,Beauty,Not Available,https://www.youtube.com/@learningwithnk,"makeup, skincare, nails, styling",rejected,"FAIL: followers: 266,000 followers (allowed 5,000-100,000)",Not Available,Not Available,PK,Not Available,Not Available,Not Available,Not Available,youtube_data_api_v3
MARYATI TUTORIAL HIJABER22 & MAKEUP,YouTube,259000,Not Available,Beauty,Not Available,https://www.youtube.com/@maryatitutorial,"makeup, skincare, styling",rejected,"FAIL: followers: 259,000 followers (allowed 5,000-100,000); engagement: engagement rate unavailable (too few videos with public likes/views)",Not Available,Not Available,ID,Not Available,Not Available,Not Available,Not Available,youtube_data_api_v3
Aradhya Singh,YouTube,253000,4.02,Beauty,Not Available,https://www.youtube.com/@aradhyasingh,"skincare, styling, makeup",rejected,"FAIL: followers: 253,000 followers (allowed 5,000-100,000); niche_relevance: niche=Beauty, relevance=0.21 (min 0.3)",Not Available,Not Available,Not Available,Not Available,Not Available,Not Available,Not Available,youtube_data_api_v3
Theskimaskbarbie,YouTube,252000,2.39,Unclassified,Not Available,https://www.youtube.com/@theskimaskbarbie,hauls,rejected,"FAIL: followers: 252,000 followers (allowed 5,000-100,000); niche_relevance: niche=Unclassified, relevance=0.07 (min 0.3)",Not Available,Not Available,Not Available,Not Available,Not Available,Not Available,Not Available,youtube_data_api_v3
Bipasha Das,YouTube,252000,5.13,Beauty,Not Available,https://www.youtube.com/@bipashaadas,"skincare, makeup, styling",rejected,"FAIL: followers: 252,000 followers (allowed 5,000-100,000)",Not Available,Not Available,Not Available,Not Available,Not Available,Not Available,Not Available,youtube_data_api_v3
Jami Ray Vintage,YouTube,249000,6.1,Fashion,Not Available,https://www.youtube.com/@jamirayvintage,hauls,rejected,"FAIL: followers: 249,000 followers (allowed 5,000-100,000)",Not Available,Not Available,US,Not Available,Not Available,Not Available,Not Available,youtube_data_api_v3
Lav💕,YouTube,243000,2.86,Beauty,Not Available,https://www.youtube.com/@lav_here,"haircare, skincare",rejected,"FAIL: followers: 243,000 followers (allowed 5,000-100,000)",Not Available,Not Available,Not Available,Not Available,Not Available,Not Available,Not Available,youtube_data_api_v3
Glossier,YouTube,243000,2.24,Beauty,Not Available,https://www.youtube.com/@glossier,"makeup, fragrance",rejected,"FAIL: followers: 243,000 followers (allowed 5,000-100,000); recent_activity: last post 518 days ago (max 90)",Not Available,Not Available,US,Not Available,Not Available,Not Available,Not Available,youtube_data_api_v3
Dr Sam Bunting,YouTube,240000,2.26,Beauty,Not Available,https://www.youtube.com/@drsambunting,"skincare, makeup, haircare",rejected,"FAIL: followers: 240,000 followers (allowed 5,000-100,000)",Not Available,Not Available,GB,Not Available,Not Available,Not Available,Not Available,youtube_data_api_v3
Bella Luu,YouTube,233000,6.77,Beauty,Not Available,https://www.youtube.com/@bellascloset0,"makeup, styling",rejected,"FAIL: followers: 233,000 followers (allowed 5,000-100,000)",Not Available,Not Available,US,Not Available,Not Available,Not Available,Not Available,youtube_data_api_v3
Sakshi Gupta Makeup Studio & Academy,YouTube,232000,2.23,Beauty,Not Available,https://www.youtube.com/@sakshiguptamakeupstudioacademy,makeup,rejected,"FAIL: followers: 232,000 followers (allowed 5,000-100,000); recent_activity: last post 142 days ago (max 90)",Not Available,Not Available,IN,Not Available,Not Available,Not Available,Not Available,youtube_data_api_v3
cathy on skincare,YouTube,226000,2.1,Beauty,Not Available,https://www.youtube.com/@cathyonskincare,skincare,rejected,"FAIL: followers: 226,000 followers (allowed 5,000-100,000)",Not Available,Not Available,US,Not Available,Not Available,Not Available,Not Available,youtube_data_api_v3
Rainbow Canvas🌈☀️,YouTube,225000,4.0,Unclassified,Not Available,https://www.youtube.com/@rainbow4027,makeup,rejected,"FAIL: followers: 225,000 followers (allowed 5,000-100,000); niche_relevance: niche=Unclassified, relevance=0.07 (min 0.3)",Not Available,Not Available,IN,Not Available,Not Available,Not Available,Not Available,youtube_data_api_v3
F. L. O,YouTube,225000,10.06,Unclassified,Not Available,https://www.youtube.com/@itzz.flo1,Not Available,rejected,"FAIL: followers: 225,000 followers (allowed 5,000-100,000); niche_relevance: niche=Unclassified, relevance=0.0 (min 0.3)",Not Available,Not Available,GB,Not Available,Not Available,Not Available,Not Available,youtube_data_api_v3
Tamara Renaye,YouTube,218000,Not Available,Beauty,Not Available,https://www.youtube.com/@tamararenaye,"makeup, styling",rejected,"FAIL: followers: 218,000 followers (allowed 5,000-100,000); engagement: engagement rate unavailable (too few videos with public likes/views)",Not Available,Not Available,Not Available,Not Available,Not Available,Not Available,Not Available,youtube_data_api_v3
Bidisha Das,YouTube,217000,4.4,Beauty,Not Available,https://www.youtube.com/@bidiishaadas,"makeup, skincare, styling",rejected,"FAIL: followers: 217,000 followers (allowed 5,000-100,000)",Not Available,Not Available,IN,Not Available,Not Available,Not Available,Not Available,youtube_data_api_v3
Sakshi Agarwal,YouTube,197000,1.67,Beauty,Not Available,https://www.youtube.com/@yourssakshiagarwal,"makeup, skincare, styling",rejected,"FAIL: followers: 197,000 followers (allowed 5,000-100,000); engagement: 1.67% (min 2.0%)",Not Available,Not Available,IN,Not Available,Not Available,Not Available,Not Available,youtube_data_api_v3
Debopriya Basak,YouTube,193000,6.53,Beauty,Not Available,https://www.youtube.com/@debopriyabasak14,"makeup, haircare",rejected,"FAIL: followers: 193,000 followers (allowed 5,000-100,000)",Not Available,Not Available,Not Available,Not Available,Not Available,Not Available,Not Available,youtube_data_api_v3
Samantha Harvey,YouTube,183000,5.92,Fashion & Beauty,Not Available,https://www.youtube.com/@makeupbysamanthaharvey,"makeup, accessories, styling",rejected,"FAIL: followers: 183,000 followers (allowed 5,000-100,000)",Not Available,Not Available,Not Available,Not Available,Not Available,Not Available,Not Available,youtube_data_api_v3
Eniola Olajide,YouTube,182000,4.01,Beauty,Not Available,https://www.youtube.com/@eniolakolajide,"skincare, styling",rejected,"FAIL: followers: 182,000 followers (allowed 5,000-100,000)",Not Available,Not Available,CA,Not Available,Not Available,Not Available,Not Available,youtube_data_api_v3
Madison Handley,YouTube,180000,8.19,Beauty,Not Available,https://www.youtube.com/@madisonlhandleyy,"makeup, nails",rejected,"FAIL: followers: 180,000 followers (allowed 5,000-100,000)",Not Available,Not Available,Not Available,Not Available,Not Available,Not Available,Not Available,youtube_data_api_v3
MAKEUP BY MARIO,YouTube,177000,3.09,Beauty,Not Available,https://www.youtube.com/@makeupbymario,makeup,rejected,"FAIL: followers: 177,000 followers (allowed 5,000-100,000)",Not Available,Not Available,Not Available,Not Available,Not Available,Not Available,Not Available,youtube_data_api_v3
Elsie Mike,YouTube,170000,1.94,Beauty,Not Available,https://www.youtube.com/@elsiemike,"makeup, skincare",rejected,"FAIL: followers: 170,000 followers (allowed 5,000-100,000); engagement: 1.94% (min 2.0%); recent_activity: last post 199 days ago (max 90)",Not Available,Not Available,IT,Not Available,Not Available,Not Available,Not Available,youtube_data_api_v3
Jessica Wang,YouTube,169000,3.06,Fashion,Not Available,https://www.youtube.com/@jessicawang,"makeup, styling",rejected,"FAIL: followers: 169,000 followers (allowed 5,000-100,000)",Not Available,Not Available,US,Not Available,Not Available,Not Available,Not Available,youtube_data_api_v3
Peaches Skin Care,YouTube,164000,5.72,Beauty,Not Available,https://www.youtube.com/@peachesskincare,"skincare, makeup",rejected,"FAIL: followers: 164,000 followers (allowed 5,000-100,000)",Not Available,Not Available,US,Not Available,Not Available,Not Available,Not Available,youtube_data_api_v3
blueyoobin,YouTube,163000,3.49,Beauty,Not Available,https://www.youtube.com/@blueyoobin,"skincare, makeup",rejected,"FAIL: followers: 163,000 followers (allowed 5,000-100,000)",Not Available,Not Available,Not Available,Not Available,Not Available,Not Available,Not Available,youtube_data_api_v3
Beauty and mehndi diaries,YouTube,160000,Not Available,Beauty,Not Available,https://www.youtube.com/@beautyandmehndidiaries,"makeup, haircare",rejected,"FAIL: followers: 160,000 followers (allowed 5,000-100,000); engagement: engagement rate unavailable (too few videos with public likes/views)",Not Available,Not Available,Not Available,Not Available,Not Available,Not Available,Not Available,youtube_data_api_v3
Elegance Feed,YouTube,154000,3.59,Fashion,Not Available,https://www.youtube.com/@elegancefeed,styling,rejected,"FAIL: followers: 154,000 followers (allowed 5,000-100,000)",Not Available,Not Available,US,Not Available,Not Available,Not Available,Not Available,youtube_data_api_v3
Insha Finds,YouTube,153000,Not Available,Beauty,Not Available,https://www.youtube.com/@insha_finds,"makeup, skincare, fragrance, haircare",rejected,"FAIL: followers: 153,000 followers (allowed 5,000-100,000); engagement: engagement rate unavailable (too few videos with public likes/views)",Not Available,Not Available,IN,Not Available,Not Available,Not Available,Not Available,youtube_data_api_v3
Glam with Astha,YouTube,151000,3.08,Beauty,Not Available,https://www.youtube.com/@glamwithastha,"makeup, hauls",rejected,"FAIL: followers: 151,000 followers (allowed 5,000-100,000)",Not Available,Not Available,IN,Not Available,Not Available,Not Available,Not Available,youtube_data_api_v3
KME,YouTube,151000,10.63,Fashion,Not Available,https://www.youtube.com/@kqym1e,styling,rejected,"FAIL: followers: 151,000 followers (allowed 5,000-100,000)",Not Available,Not Available,Not Available,Not Available,Not Available,Not Available,Not Available,youtube_data_api_v3
Avipreet Bindra Makeup Artist,YouTube,150000,3.58,Beauty,Not Available,https://www.youtube.com/@avipreetbindramakeup,makeup,rejected,"FAIL: followers: 150,000 followers (allowed 5,000-100,000)",Not Available,Not Available,IN,Not Available,Not Available,Not Available,Not Available,youtube_data_api_v3
Chhavi Bridal World,YouTube,145000,3.58,Beauty,Not Available,https://www.youtube.com/@chhavibridalworld2651,makeup,rejected,"FAIL: followers: 145,000 followers (allowed 5,000-100,000)",Not Available,Not Available,IN,Not Available,Not Available,Not Available,Not Available,youtube_data_api_v3
EVEL,YouTube,143000,12.24,Fashion,Not Available,https://www.youtube.com/@itsevelxo,"styling, makeup, hauls",rejected,"FAIL: followers: 143,000 followers (allowed 5,000-100,000); niche_relevance: niche=Fashion, relevance=0.21 (min 0.3)",Not Available,Not Available,Not Available,Not Available,Not Available,Not Available,Not Available,youtube_data_api_v3
Midlife Posh Closet,YouTube,142000,2.86,Fashion,Not Available,https://www.youtube.com/@midlifeposhcloset,styling,rejected,"FAIL: followers: 142,000 followers (allowed 5,000-100,000)",Not Available,Not Available,US,Not Available,Not Available,Not Available,Not Available,youtube_data_api_v3
Neetu sati,YouTube,136000,2.4,Beauty,Not Available,https://www.youtube.com/@neetusati9621,"makeup, skincare, styling",rejected,"FAIL: followers: 136,000 followers (allowed 5,000-100,000)",Not Available,Not Available,IN,Not Available,Not Available,Not Available,Not Available,youtube_data_api_v3
KKAÖ by KKB 👑💖,YouTube,132000,3.43,Beauty,Not Available,https://www.youtube.com/@kkaobykkb,makeup,rejected,"FAIL: followers: 132,000 followers (allowed 5,000-100,000)",Not Available,Not Available,US,Not Available,Not Available,Not Available,Not Available,youtube_data_api_v3
Kristen Marie,YouTube,131000,5.89,Beauty,Not Available,https://www.youtube.com/@_kristenmarie,"makeup, skincare, styling, hauls",rejected,"FAIL: followers: 131,000 followers (allowed 5,000-100,000)",Not Available,Not Available,US,Not Available,Not Available,Not Available,Not Available,youtube_data_api_v3
Bee ☆,YouTube,128000,11.06,Fashion,Not Available,https://www.youtube.com/@bumblephi,styling,rejected,"FAIL: followers: 128,000 followers (allowed 5,000-100,000)",Not Available,Not Available,Not Available,Not Available,Not Available,Not Available,Not Available,youtube_data_api_v3
Mansi DIY Hacks,YouTube,123000,2.2,Beauty,Not Available,https://www.youtube.com/@mansi_706,"skincare, haircare",rejected,"FAIL: followers: 123,000 followers (allowed 5,000-100,000)",Not Available,Not Available,Not Available,Not Available,Not Available,Not Available,Not Available,youtube_data_api_v3
Rhony Claire 💋,YouTube,122000,4.92,Beauty,Not Available,https://www.youtube.com/@rhonyclaire,"makeup, fragrance",rejected,"FAIL: followers: 122,000 followers (allowed 5,000-100,000)",Not Available,Not Available,Not Available,Not Available,Not Available,Not Available,Not Available,youtube_data_api_v3
Jania Aaliyah,YouTube,122000,10.32,Unclassified,Not Available,https://www.youtube.com/@janiaaaliyah,Not Available,rejected,"FAIL: followers: 122,000 followers (allowed 5,000-100,000); niche_relevance: niche=Unclassified, relevance=0.0 (min 0.3)",Not Available,Not Available,US,Not Available,Not Available,Not Available,Not Available,youtube_data_api_v3
Sonamanoj,YouTube,120000,7.4,Beauty,Not Available,https://www.youtube.com/@sonamanojofficial,makeup,rejected,"FAIL: followers: 120,000 followers (allowed 5,000-100,000); niche_relevance: niche=Beauty, relevance=0.21 (min 0.3)",Not Available,Not Available,Not Available,Not Available,Not Available,Not Available,Not Available,youtube_data_api_v3
skincarebysamy,YouTube,119000,2.96,Beauty,Not Available,https://www.youtube.com/@skincarebysamy,skincare,rejected,"FAIL: followers: 119,000 followers (allowed 5,000-100,000)",Not Available,Not Available,FR,Not Available,Not Available,Not Available,Not Available,youtube_data_api_v3
Emily Heal,YouTube,115000,6.14,Beauty,Not Available,https://www.youtube.com/@emilyheal,"makeup, skincare",rejected,"FAIL: followers: 115,000 followers (allowed 5,000-100,000)",Not Available,Not Available,Not Available,Not Available,Not Available,Not Available,Not Available,youtube_data_api_v3
Next Door Diva,YouTube,115000,1.47,Beauty,Not Available,https://www.youtube.com/@nextdoordiva18,"makeup, skincare",rejected,"FAIL: followers: 115,000 followers (allowed 5,000-100,000); engagement: 1.47% (min 2.0%)",Not Available,Not Available,IN,Not Available,Not Available,Not Available,Not Available,youtube_data_api_v3
Mar Gallardo,YouTube,113000,7.74,Fashion,Not Available,https://www.youtube.com/@margallardomkup,hauls,rejected,"FAIL: followers: 113,000 followers (allowed 5,000-100,000)",Not Available,Not Available,ES,Not Available,Not Available,Not Available,Not Available,youtube_data_api_v3
Erica Taylor,YouTube,108000,8.19,Beauty,Not Available,https://www.youtube.com/@ericataylorofficial,"makeup, skincare",rejected,"FAIL: followers: 108,000 followers (allowed 5,000-100,000)",Not Available,Not Available,US,Not Available,Not Available,Not Available,Not Available,youtube_data_api_v3
Deepika Arya,YouTube,108000,3.35,Beauty,Not Available,https://www.youtube.com/@deepikaaryaa_official,"makeup, skincare, styling, hauls",rejected,"FAIL: followers: 108,000 followers (allowed 5,000-100,000)",Not Available,Not Available,Not Available,Not Available,Not Available,Not Available,Not Available,youtube_data_api_v3
Cyntibenmakeover,YouTube,107000,3.25,Beauty,Not Available,https://www.youtube.com/@cyntibenmakeover,makeup,rejected,"FAIL: followers: 107,000 followers (allowed 5,000-100,000)",Not Available,Not Available,Not Available,Not Available,Not Available,Not Available,Not Available,youtube_data_api_v3
LA FEMME WANDERER,YouTube,107000,3.72,Fashion,Not Available,https://www.youtube.com/@lafemmewanderer,styling,rejected,"FAIL: followers: 107,000 followers (allowed 5,000-100,000)",Not Available,Not Available,TR,Not Available,Not Available,Not Available,Not Available,youtube_data_api_v3
Paris Francisca,YouTube,105000,3.27,Beauty,Not Available,https://www.youtube.com/@theparisfrancisca,"haircare, makeup",rejected,"FAIL: followers: 105,000 followers (allowed 5,000-100,000); niche_relevance: niche=Beauty, relevance=0.14 (min 0.3)",Not Available,Not Available,Not Available,Not Available,Not Available,Not Available,Not Available,youtube_data_api_v3
Streetwear Dreams,YouTube,105000,4.21,Fashion,Not Available,https://www.youtube.com/@streetweardreams,"styling, streetwear",rejected,"FAIL: followers: 105,000 followers (allowed 5,000-100,000)",Not Available,Not Available,Not Available,Not Available,Not Available,Not Available,Not Available,youtube_data_api_v3
Chloe Paredes,YouTube,102000,3.39,Beauty,Not Available,https://www.youtube.com/@cczuleighka,makeup,rejected,"FAIL: followers: 102,000 followers (allowed 5,000-100,000)",Not Available,Not Available,Not Available,Not Available,Not Available,Not Available,Not Available,youtube_data_api_v3
Rob Green,YouTube,96700,1.33,Fashion,Not Available,https://www.youtube.com/@robjagreen,"styling, haircare, streetwear, skincare",rejected,FAIL: engagement: 1.33% (min 2.0%),Not Available,Not Available,Not Available,Not Available,Not Available,Not Available,Not Available,youtube_data_api_v3
Evy Beauty Skincare,YouTube,94500,2.36,Beauty,Not Found,https://www.youtube.com/@evybeautyskincare,skincare,shortlisted,PASS: all checks met,Not Available,Not Available,IT,Not Available (needs creator-authorised analytics),Not Available (needs creator-authorised analytics),IT,Not Available,youtube_data_api_v3
Melanie Praise,YouTube,94200,2.85,Unclassified,Not Available,https://www.youtube.com/@melaniepraise,styling,rejected,"FAIL: niche_relevance: niche=Unclassified, relevance=0.07 (min 0.3)",Not Available,Not Available,Not Available,Not Available,Not Available,Not Available,Not Available,youtube_data_api_v3
Bright_Shivani🎀,YouTube,93800,Not Available,Beauty,Not Available,https://www.youtube.com/@brightshivani,"makeup, skincare, styling",rejected,FAIL: engagement: engagement rate unavailable (too few videos with public likes/views),Not Available,Not Available,IN,Not Available,Not Available,Not Available,Not Available,youtube_data_api_v3
Sangita's beauty Tips,YouTube,92900,3.24,Beauty,sangitasbeautyips@gmail.com,https://www.youtube.com/@sangitasbeautytips3860,"makeup, skincare, haircare, styling",shortlisted,PASS: all checks met,Not Available,Not Available,IN,Not Available (needs creator-authorised analytics),Not Available (needs creator-authorised analytics),IN,channel_description,youtube_data_api_v3
KRYSTALL CHOUDHARY,YouTube,91200,1.67,Beauty,Not Available,https://www.youtube.com/@12.krystall,"haircare, skincare, makeup, styling",rejected,FAIL: engagement: 1.67% (min 2.0%),Not Available,Not Available,IN,Not Available,Not Available,Not Available,Not Available,youtube_data_api_v3
⋆˚࿔ 𝐚𝐛𝐛𝐲,YouTube,89800,5.02,Fashion,abby-pr@outlook.com,https://www.youtube.com/@adorbsabby,"styling, accessories",shortlisted,PASS: all checks met,Not Available,Not Available,Not Available,Not Available (needs creator-authorised analytics),Not Available (needs creator-authorised analytics),Not Available (needs creator-authorised analytics),channel_description,youtube_data_api_v3
Sunshine Sophie,YouTube,89100,3.1,Beauty,eternity.for.life.business@gmail.com,https://www.youtube.com/@bobasopee,"makeup, skincare, haircare, styling",shortlisted,PASS: all checks met,Not Available,Not Available,Not Available,Not Available (needs creator-authorised analytics),Not Available (needs creator-authorised analytics),Not Available (needs creator-authorised analytics),channel_description,youtube_data_api_v3
Lavisha arora,YouTube,89000,4.1,Beauty,Not Found,https://www.youtube.com/@lavishaarorayt,makeup,shortlisted,PASS: all checks met,Not Available,Not Available,IN,Not Available (needs creator-authorised analytics),Not Available (needs creator-authorised analytics),IN,Not Available,youtube_data_api_v3
Hiteshi Dodiya,YouTube,88900,3.23,Beauty,Not Found,https://www.youtube.com/@hiteshid,"skincare, makeup, haircare",shortlisted,PASS: all checks met,Not Available,Not Available,Not Available,Not Available (needs creator-authorised analytics),Not Available (needs creator-authorised analytics),Not Available (needs creator-authorised analytics),Not Available,youtube_data_api_v3
Joleen Diaz,YouTube,85900,3.11,Beauty,Not Available,https://www.youtube.com/@joleendiaz,skincare,rejected,"FAIL: niche_relevance: niche=Beauty, relevance=0.14 (min 0.3); recent_activity: last post 962 days ago (max 90)",Not Available,Not Available,Not Available,Not Available,Not Available,Not Available,Not Available,youtube_data_api_v3
Hannah Daniel,YouTube,85900,2.78,Beauty,hannahdaniel.igyt@gmail.com,https://www.youtube.com/@hanmade_stories2.0,"skincare, haircare, makeup, styling",shortlisted,PASS: all checks met,Not Available,Not Available,Not Available,Not Available (needs creator-authorised analytics),Not Available (needs creator-authorised analytics),Not Available (needs creator-authorised analytics),channel_description,youtube_data_api_v3
Skincare & Beauty with Anay,YouTube,84200,1.27,Beauty,Not Available,https://www.youtube.com/@anay_lov,"skincare, makeup",rejected,FAIL: engagement: 1.27% (min 2.0%),Not Available,Not Available,Not Available,Not Available,Not Available,Not Available,Not Available,youtube_data_api_v3
M K  A e s t h e t i c s ♡,YouTube,78800,Not Available,Beauty,Not Available,https://www.youtube.com/@mkaesthetics26,"makeup, nails, skincare, haircare",rejected,FAIL: engagement: engagement rate unavailable (too few videos with public likes/views); recent_activity: last post 178 days ago (max 90),Not Available,Not Available,PK,Not Available,Not Available,Not Available,Not Available,youtube_data_api_v3
Jasmine Loo,YouTube,77400,4.18,Beauty,jasmine@hugsandpeaches.com,https://www.youtube.com/@jasmineflowerable,"makeup, skincare, haircare",shortlisted,PASS: all checks met,https://www.instagram.com/jasmineflowerable/,Not Available,US,Not Available (needs creator-authorised analytics),Not Available (needs creator-authorised analytics),US,channel_description,youtube_data_api_v3
Sophii,YouTube,75100,3.86,Beauty,lovedsophi@gmail.com,https://www.youtube.com/@luvvsophi,"makeup, nails, hauls",shortlisted,PASS: all checks met,Not Available,Not Available,US,Not Available (needs creator-authorised analytics),Not Available (needs creator-authorised analytics),US,channel_description,youtube_data_api_v3
Kiyoko Beauty,YouTube,74700,1.66,Beauty,Not Available,https://www.youtube.com/@kiyoko.beauty,skincare,rejected,FAIL: engagement: 1.66% (min 2.0%),Not Available,Not Available,Not Available,Not Available,Not Available,Not Available,Not Available,youtube_data_api_v3
Mahi Chaudhary,YouTube,68100,2.68,Beauty,aruchaudhary874@gmail.com,https://www.youtube.com/@mahichaudhary16,"makeup, skincare",shortlisted,PASS: all checks met,Not Available,Not Available,Not Available,Not Available (needs creator-authorised analytics),Not Available (needs creator-authorised analytics),Not Available (needs creator-authorised analytics),channel_description,youtube_data_api_v3
LaurenManz,YouTube,68100,4.25,Fashion,lauren.manzer@thestation.io,https://www.youtube.com/@laurenmanz,hauls,shortlisted,PASS: all checks met,Not Available,Not Available,Not Available,Not Available (needs creator-authorised analytics),Not Available (needs creator-authorised analytics),Not Available (needs creator-authorised analytics),channel_description,youtube_data_api_v3
Karishma K Sea,YouTube,67000,1.88,Beauty,Not Available,https://www.youtube.com/@karishmaksea4703,"makeup, skincare, hauls",rejected,FAIL: engagement: 1.88% (min 2.0%),Not Available,Not Available,NP,Not Available,Not Available,Not Available,Not Available,youtube_data_api_v3
Aanyaa,YouTube,63700,4.5,Beauty,aanyaaa1111@gmail.com,https://www.youtube.com/@aanyaa_1,"makeup, skincare",shortlisted,PASS: all checks met,Not Available,Not Available,Not Available,Not Available (needs creator-authorised analytics),Not Available (needs creator-authorised analytics),Not Available (needs creator-authorised analytics),channel_description,youtube_data_api_v3
Our_meesho _finder,YouTube,63700,1.18,Fashion,Not Available,https://www.youtube.com/@our_meesho_finder,styling,rejected,FAIL: engagement: 1.18% (min 2.0%),Not Available,Not Available,Not Available,Not Available,Not Available,Not Available,Not Available,youtube_data_api_v3
Neelima,YouTube,63400,3.33,Beauty,Not Found,https://www.youtube.com/@theneelimaedit,"makeup, skincare",shortlisted,PASS: all checks met,Not Available,Not Available,IN,Not Available (needs creator-authorised analytics),Not Available (needs creator-authorised analytics),IN,Not Available,youtube_data_api_v3
Rishika,YouTube,63100,Not Available,Beauty,Not Available,https://www.youtube.com/@oxrishikaa,"makeup, skincare, styling",rejected,FAIL: engagement: engagement rate unavailable (too few videos with public likes/views),Not Available,Not Available,IN,Not Available,Not Available,Not Available,Not Available,youtube_data_api_v3
Seethal Sunilkumar,YouTube,61400,7.18,Beauty,Not Available,https://www.youtube.com/@seethalsunilkumar,makeup,rejected,"FAIL: niche_relevance: niche=Beauty, relevance=0.21 (min 0.3)",Not Available,Not Available,Not Available,Not Available,Not Available,Not Available,Not Available,youtube_data_api_v3
ILLIT - Topic,YouTube,58400,2.88,Unclassified,Not Available,https://www.youtube.com/channel/UCNVIo0UJXTdEnsRkCB9Q03w,makeup,rejected,"FAIL: niche_relevance: niche=Unclassified, relevance=0.07 (min 0.3)",Not Available,Not Available,Not Available,Not Available,Not Available,Not Available,Not Available,youtube_data_api_v3
GlambyOmoye,YouTube,57600,6.79,Beauty,Not Found,https://www.youtube.com/@glambyomoye,makeup,shortlisted,PASS: all checks met,Not Available,Not Available,NG,Not Available (needs creator-authorised analytics),Not Available (needs creator-authorised analytics),NG,Not Available,youtube_data_api_v3
David Kim,YouTube,57100,3.61,Beauty,Not Available,https://www.youtube.com/@dxvidkim,"makeup, fragrance, skincare",rejected,"FAIL: niche_relevance: niche=Beauty, relevance=0.28 (min 0.3)",Not Available,Not Available,US,Not Available,Not Available,Not Available,Not Available,youtube_data_api_v3
Aanya Shrivastava,YouTube,55100,0.84,Beauty,Not Available,https://www.youtube.com/@skincare_kona99,"skincare, haircare",rejected,"FAIL: engagement: 0.84% (min 2.0%); niche_relevance: niche=Beauty, relevance=0.21 (min 0.3)",Not Available,Not Available,Not Available,Not Available,Not Available,Not Available,Not Available,youtube_data_api_v3
FaceTory,YouTube,54000,0.44,Beauty,Not Available,https://www.youtube.com/@facetory,"skincare, makeup, fragrance",rejected,FAIL: engagement: 0.44% (min 2.0%),Not Available,Not Available,US,Not Available,Not Available,Not Available,Not Available,youtube_data_api_v3
glow_with_richa,YouTube,54000,Not Available,Fashion,Not Available,https://www.youtube.com/@glow_with_richa,"styling, streetwear, accessories",rejected,FAIL: engagement: engagement rate unavailable (too few videos with public likes/views),Not Available,Not Available,Not Available,Not Available,Not Available,Not Available,Not Available,youtube_data_api_v3
Notjustarushi,YouTube,53700,2.55,Beauty,Not Found,https://www.youtube.com/@notjustarushi,"makeup, skincare",shortlisted,PASS: all checks met,Not Available,Not Available,IN,Not Available (needs creator-authorised analytics),Not Available (needs creator-authorised analytics),IN,Not Available,youtube_data_api_v3
⚔ 𝗝𝗘𝗘𝗭 𝗔𝗘𝗦𝗧𝗛𝗘𝗧𝗜𝗖 ⚔,YouTube,48200,3.25,Fashion,Not Found,https://www.youtube.com/@jeez_aesthetic,styling,shortlisted,PASS: all checks met,Not Available,Not Available,IN,Not Available (needs creator-authorised analytics),Not Available (needs creator-authorised analytics),IN,Not Available,youtube_data_api_v3
Kayleigh Bursch,YouTube,47800,3.27,Unclassified,Not Available,https://www.youtube.com/@kayleighbursch,hauls,rejected,"FAIL: niche_relevance: niche=Unclassified, relevance=0.07 (min 0.3)",Not Available,Not Available,Not Available,Not Available,Not Available,Not Available,Not Available,youtube_data_api_v3
Sa'Ree Maki,YouTube,44800,5.47,Unclassified,Not Available,https://www.youtube.com/@sareemaki,"hauls, accessories",rejected,"FAIL: niche_relevance: niche=Unclassified, relevance=0.07 (min 0.3)",Not Available,Not Available,Not Available,Not Available,Not Available,Not Available,Not Available,youtube_data_api_v3
Jam Damian,YouTube,43900,7.4,Beauty,Not Found,https://www.youtube.com/@jamdamiann,"makeup, haircare, styling, hauls",shortlisted,PASS: all checks met,Not Available,Not Available,JP,Not Available (needs creator-authorised analytics),Not Available (needs creator-authorised analytics),JP,Not Available,youtube_data_api_v3
Shagun Carky,YouTube,42300,3.92,Beauty,Not Available,https://www.youtube.com/@shaguncy,"skincare, makeup, hauls",rejected,"FAIL: niche_relevance: niche=Beauty, relevance=0.21 (min 0.3)",Not Available,Not Available,Not Available,Not Available,Not Available,Not Available,Not Available,youtube_data_api_v3
Neha Singh,YouTube,42200,Not Available,Beauty,Not Available,https://www.youtube.com/@nehartistry,"makeup, skincare",rejected,FAIL: engagement: engagement rate unavailable (too few videos with public likes/views),Not Available,Not Available,IN,Not Available,Not Available,Not Available,Not Available,youtube_data_api_v3
Jasmine Adetunji,YouTube,39000,7.8,Beauty,hello@jasadetunji.com,https://www.youtube.com/@jasadetunji,"makeup, skincare",shortlisted,PASS: all checks met,Not Available,Not Available,US,Not Available (needs creator-authorised analytics),Not Available (needs creator-authorised analytics),US,channel_description,youtube_data_api_v3
Makeup Queen,YouTube,38300,Not Available,Beauty,Not Available,https://www.youtube.com/@makeup_queen1903,makeup,rejected,FAIL: engagement: engagement rate unavailable (too few videos with public likes/views),Not Available,Not Available,IN,Not Available,Not Available,Not Available,Not Available,youtube_data_api_v3
Jebbi,YouTube,36200,6.21,Beauty,Not Found,https://www.youtube.com/@jebbiskincare,skincare,shortlisted,PASS: all checks met,Not Available,Not Available,Not Available,Not Available (needs creator-authorised analytics),Not Available (needs creator-authorised analytics),Not Available (needs creator-authorised analytics),Not Available,youtube_data_api_v3
Magesh Makeup tutorial,YouTube,35300,1.29,Beauty,Not Available,https://www.youtube.com/@mageshmakeuptutorial,"makeup, skincare",rejected,FAIL: engagement: 1.29% (min 2.0%),Not Available,Not Available,IN,Not Available,Not Available,Not Available,Not Available,youtube_data_api_v3
KryolanOfficial,YouTube,34800,3.23,Beauty,Not Found,https://www.youtube.com/@kryolanofficial,makeup,shortlisted,PASS: all checks met,Not Available,Not Available,Not Available,Not Available (needs creator-authorised analytics),Not Available (needs creator-authorised analytics),Not Available (needs creator-authorised analytics),Not Available,youtube_data_api_v3
Navena Sundarraj,YouTube,31300,3.49,Beauty,Not Found,https://www.youtube.com/@navenasundarraj,"makeup, styling",shortlisted,PASS: all checks met,Not Available,Not Available,Not Available,Not Available (needs creator-authorised analytics),Not Available (needs creator-authorised analytics),Not Available (needs creator-authorised analytics),Not Available,youtube_data_api_v3
nikki rutherford,YouTube,29000,4.31,Fashion,hello.nikkiruth@gmail.com,https://www.youtube.com/@nikkirutherfordd,"hauls, makeup, styling",shortlisted,PASS: all checks met,Not Available,https://linktr.ee/nikkirutherford,US,Not Available (needs creator-authorised analytics),Not Available (needs creator-authorised analytics),US,channel_description,youtube_data_api_v3
Emily Jane,YouTube,28500,3.7,Fashion,enquiries.emilyjane@gmail.com,https://www.youtube.com/@e.milyjanee,"styling, streetwear, makeup",shortlisted,PASS: all checks met,https://www.instagram.com/e.milyjanee/,Not Available,Not Available,Not Available (needs creator-authorised analytics),Not Available (needs creator-authorised analytics),Not Available (needs creator-authorised analytics),channel_description,youtube_data_api_v3
Bridal Makeup tutorial by PPROUDMAKEUP,YouTube,27200,2.4,Beauty,Not Available,https://www.youtube.com/@piladamakeup,makeup,rejected,FAIL: recent_activity: last post 132 days ago (max 90),Not Available,Not Available,TH,Not Available,Not Available,Not Available,Not Available,youtube_data_api_v3
Jaylene Rios,YouTube,27100,4.63,Fashion,Not Found,https://www.youtube.com/@jaylenerioss,styling,shortlisted,PASS: all checks met,Not Available,Not Available,Not Available,Not Available (needs creator-authorised analytics),Not Available (needs creator-authorised analytics),Not Available (needs creator-authorised analytics),Not Available,youtube_data_api_v3
Dstyle - outfit ideas & outfit inspirations,YouTube,26000,1.66,Fashion,Not Available,https://www.youtube.com/@dstyleoutfitideas,styling,rejected,FAIL: engagement: 1.66% (min 2.0%),Not Available,Not Available,Not Available,Not Available,Not Available,Not Available,Not Available,youtube_data_api_v3
Kashish Jain,YouTube,25000,5.42,Beauty,team@kashishjain.in,https://www.youtube.com/@kashishjain613,makeup,shortlisted,PASS: all checks met,Not Available,Not Available,Not Available,Not Available (needs creator-authorised analytics),Not Available (needs creator-authorised analytics),Not Available (needs creator-authorised analytics),channel_description,youtube_data_api_v3
Aksenova Tights,YouTube,23800,3.93,Fashion,Not Found,https://www.youtube.com/@aksenovatights,styling,shortlisted,PASS: all checks met,Not Available,Not Available,US,Not Available (needs creator-authorised analytics),Not Available (needs creator-authorised analytics),US,Not Available,youtube_data_api_v3
Divya & beauty,YouTube,23600,1.86,Beauty,Not Available,https://www.youtube.com/@divyaartisty7471,"makeup, hauls, skincare",rejected,FAIL: engagement: 1.86% (min 2.0%),Not Available,Not Available,IN,Not Available,Not Available,Not Available,Not Available,youtube_data_api_v3
Its me Jossuty,YouTube,20500,2.18,Beauty,Not Found,https://www.youtube.com/@itsmejossuty,"makeup, skincare, haircare",shortlisted,PASS: all checks met,Not Available,Not Available,IN,Not Available (needs creator-authorised analytics),Not Available (needs creator-authorised analytics),IN,Not Available,youtube_data_api_v3
Gabrielle Emerson,YouTube,20400,3.41,Beauty,Not Found,https://www.youtube.com/@gabrielleemersonn,"makeup, skincare, styling",shortlisted,PASS: all checks met,Not Available,Not Available,Not Available,Not Available (needs creator-authorised analytics),Not Available (needs creator-authorised analytics),Not Available (needs creator-authorised analytics),Not Available,youtube_data_api_v3
Blessie's_MagicMix☆,YouTube,20400,2.77,Fashion,Not Found,https://www.youtube.com/@magic_mix-p9j,"styling, hauls",shortlisted,PASS: all checks met,Not Available,Not Available,Not Available,Not Available (needs creator-authorised analytics),Not Available (needs creator-authorised analytics),Not Available (needs creator-authorised analytics),Not Available,youtube_data_api_v3
Makeup lover,YouTube,20100,Not Available,Beauty,Not Available,https://www.youtube.com/@makeuplovers776,makeup,rejected,FAIL: engagement: engagement rate unavailable (too few videos with public likes/views),Not Available,Not Available,US,Not Available,Not Available,Not Available,Not Available,youtube_data_api_v3
Merlin Maria Emmanuel,YouTube,19400,2.38,Beauty,makeupbymerlin02@gmail.com,https://www.youtube.com/@merlin_emmanuel,"makeup, skincare, haircare, styling",shortlisted,PASS: all checks met,Not Available,Not Available,IN,Not Available (needs creator-authorised analytics),Not Available (needs creator-authorised analytics),IN,channel_description,youtube_data_api_v3
Aastha Beauty Parlour Makeup Tutorial,YouTube,19300,3.75,Beauty,Not Found,https://www.youtube.com/@easymakeupvideos,"haircare, makeup, skincare",shortlisted,PASS: all checks met,Not Available,Not Available,IN,Not Available (needs creator-authorised analytics),Not Available (needs creator-authorised analytics),IN,Not Available,youtube_data_api_v3
Hà Giang,YouTube,19000,3.47,Beauty,Not Found,https://www.youtube.com/@ciaramakeup2003,makeup,shortlisted,PASS: all checks met,Not Available,Not Available,VN,Not Available (needs creator-authorised analytics),Not Available (needs creator-authorised analytics),VN,Not Available,youtube_data_api_v3
𝕭𝖑𝖎𝖘𝖘_.☘︎ ݁˖,YouTube,18800,1.63,Unclassified,Not Available,https://www.youtube.com/@x_.4ini,Not Available,rejected,"FAIL: engagement: 1.63% (min 2.0%); niche_relevance: niche=Unclassified, relevance=0.0 (min 0.3)",Not Available,Not Available,Not Available,Not Available,Not Available,Not Available,Not Available,youtube_data_api_v3
Doeneseya,YouTube,18300,1.75,Beauty,Not Available,https://www.youtube.com/@doeneseya,"makeup, skincare, styling",rejected,FAIL: engagement: 1.75% (min 2.0%),Not Available,Not Available,US,Not Available,Not Available,Not Available,Not Available,youtube_data_api_v3
Sneha Raj Kaushik,YouTube,18000,3.24,Beauty,sneharajkaushik822@gmail.com,https://www.youtube.com/@sneha_lifestyle16,"makeup, skincare, hauls",shortlisted,PASS: all checks met,Not Available,Not Available,IN,Not Available (needs creator-authorised analytics),Not Available (needs creator-authorised analytics),IN,channel_description,youtube_data_api_v3
Chahat patwa,YouTube,15700,Not Available,Beauty,Not Available,https://www.youtube.com/@flowwith_chahat,"makeup, skincare",rejected,FAIL: engagement: engagement rate unavailable (too few videos with public likes/views),Not Available,Not Available,IN,Not Available,Not Available,Not Available,Not Available,youtube_data_api_v3
inspoandmee,YouTube,15000,6.23,Fashion,Not Found,https://www.youtube.com/@inspoandmee,"styling, streetwear",shortlisted,PASS: all checks met,Not Available,Not Available,ZA,Not Available (needs creator-authorised analytics),Not Available (needs creator-authorised analytics),ZA,Not Available,youtube_data_api_v3
Hae Mi Jane | Outfit Ideas,YouTube,13800,Not Available,Fashion,Not Available,https://www.youtube.com/@haemijane,styling,rejected,FAIL: engagement: engagement rate unavailable (too few videos with public likes/views),Not Available,Not Available,NL,Not Available,Not Available,Not Available,Not Available,youtube_data_api_v3
Skin Care Routine,YouTube,12700,1.52,Beauty,Not Available,https://www.youtube.com/@skincareroutine-h4s,skincare,rejected,FAIL: engagement: 1.52% (min 2.0%),Not Available,Not Available,PK,Not Available,Not Available,Not Available,Not Available,youtube_data_api_v3
hanniaee,YouTube,12100,7.1,Unclassified,Not Available,https://www.youtube.com/@hanniaee,Not Available,rejected,"FAIL: niche_relevance: niche=Unclassified, relevance=0.0 (min 0.3)",Not Available,Not Available,CO,Not Available,Not Available,Not Available,Not Available,youtube_data_api_v3
Katherine LaLatina,YouTube,11900,4.06,Beauty,Not Found,https://www.youtube.com/@katherinelalatina,"makeup, skincare, haircare, hauls",shortlisted,PASS: all checks met,Not Available,Not Available,US,Not Available (needs creator-authorised analytics),Not Available (needs creator-authorised analytics),US,Not Available,youtube_data_api_v3
shluggem,YouTube,11800,2.99,Fashion,Not Found,https://www.youtube.com/@shlugem,styling,shortlisted,PASS: all checks met,Not Available,Not Available,Not Available,Not Available (needs creator-authorised analytics),Not Available (needs creator-authorised analytics),Not Available (needs creator-authorised analytics),Not Available,youtube_data_api_v3
Becca,YouTube,11000,2.89,Unclassified,Not Available,https://www.youtube.com/@babyy__becca,skincare,rejected,"FAIL: niche_relevance: niche=Unclassified, relevance=0.07 (min 0.3); recent_activity: last post 178 days ago (max 90)",Not Available,Not Available,Not Available,Not Available,Not Available,Not Available,Not Available,youtube_data_api_v3
SheWearsStyle,YouTube,10900,2.52,Fashion,Not Available,https://www.youtube.com/@shewearsstyle,styling,rejected,FAIL: recent_activity: last post 807 days ago (max 90),Not Available,Not Available,IN,Not Available,Not Available,Not Available,Not Available,youtube_data_api_v3
My Grwm Sephora,YouTube,10800,0.69,Beauty,Not Available,https://www.youtube.com/@grwm246official,"makeup, skincare",rejected,FAIL: engagement: 0.69% (min 2.0%); recent_activity: last post 331 days ago (max 90),Not Available,Not Available,US,Not Available,Not Available,Not Available,Not Available,youtube_data_api_v3
Olyaska,YouTube,9850,3.54,Unclassified,Not Available,https://www.youtube.com/@olyaskawav,Not Available,rejected,"FAIL: niche_relevance: niche=Unclassified, relevance=0.0 (min 0.3)",Not Available,Not Available,UA,Not Available,Not Available,Not Available,Not Available,youtube_data_api_v3
sunnyinspoo,YouTube,9600,3.68,Fashion,Not Available,https://www.youtube.com/@sunnyinspox,styling,rejected,"FAIL: niche_relevance: niche=Fashion, relevance=0.28 (min 0.3)",Not Available,Not Available,Not Available,Not Available,Not Available,Not Available,Not Available,youtube_data_api_v3
Isa Outfits,YouTube,9520,1.8,Fashion,Not Available,https://www.youtube.com/@isaoutfits,"styling, streetwear",rejected,FAIL: engagement: 1.8% (min 2.0%),Not Available,Not Available,Not Available,Not Available,Not Available,Not Available,Not Available,youtube_data_api_v3
Beauty Routine,YouTube,9220,2.33,Unclassified,Not Available,https://www.youtube.com/@beautyroutineuz,skincare,rejected,"FAIL: niche_relevance: niche=Unclassified, relevance=0.07 (min 0.3); recent_activity: last post 530 days ago (max 90)",Not Available,Not Available,Not Available,Not Available,Not Available,Not Available,Not Available,youtube_data_api_v3
School Haul,YouTube,8880,0.68,Fashion & Beauty,Not Available,https://www.youtube.com/@schoolhaul,"hauls, makeup",rejected,FAIL: engagement: 0.68% (min 2.0%),Not Available,Not Available,US,Not Available,Not Available,Not Available,Not Available,youtube_data_api_v3
The TeaTok ☕,YouTube,7450,1.45,Beauty,Not Available,https://www.youtube.com/@theteatok1,makeup,rejected,FAIL: engagement: 1.45% (min 2.0%),Not Available,Not Available,Not Available,Not Available,Not Available,Not Available,Not Available,youtube_data_api_v3
Hailey’s Vault,YouTube,7360,1.75,Fashion,Not Available,https://www.youtube.com/@haileysvault,"nails, accessories, styling",rejected,FAIL: engagement: 1.75% (min 2.0%); recent_activity: last post 223 days ago (max 90),Not Available,Not Available,VE,Not Available,Not Available,Not Available,Not Available,youtube_data_api_v3
emmie,YouTube,7170,4.45,Fashion & Beauty,Not Available,https://www.youtube.com/@fashion.w.em0,"makeup, hauls, haircare, styling",rejected,FAIL: recent_activity: last post 232 days ago (max 90),Not Available,Not Available,Not Available,Not Available,Not Available,Not Available,Not Available,youtube_data_api_v3
Pujitha Samai,YouTube,6790,2.07,Fashion,Not Found,https://www.youtube.com/@pujithasamai,styling,shortlisted,PASS: all checks met,https://www.instagram.com/pujitha.samai/,Not Available,Not Available,Not Available (needs creator-authorised analytics),Not Available (needs creator-authorised analytics),Not Available (needs creator-authorised analytics),Not Available,youtube_data_api_v3
GRWM VIDEOS,YouTube,6510,1.76,Beauty,Not Available,https://www.youtube.com/@grwm198,makeup,rejected,FAIL: engagement: 1.76% (min 2.0%),Not Available,Not Available,US,Not Available,Not Available,Not Available,Not Available,youtube_data_api_v3
bristi🌷,YouTube,6330,1.69,Beauty,Not Available,https://www.youtube.com/@moodiee_bristi012,skincare,rejected,FAIL: engagement: 1.69% (min 2.0%); recent_activity: last post 250 days ago (max 90),Not Available,Not Available,Not Available,Not Available,Not Available,Not Available,Not Available,youtube_data_api_v3
Mi,YouTube,6170,1.34,Beauty,Not Available,https://www.youtube.com/@wonieespaz,makeup,rejected,FAIL: engagement: 1.34% (min 2.0%),Not Available,Not Available,Not Available,Not Available,Not Available,Not Available,Not Available,youtube_data_api_v3
Holly xxx,YouTube,5930,0.92,Beauty,Not Available,https://www.youtube.com/@capri_gamer,makeup,rejected,"FAIL: engagement: 0.92% (min 2.0%); niche_relevance: niche=Beauty, relevance=0.21 (min 0.3); recent_activity: last post 821 days ago (max 90)",Not Available,Not Available,Not Available,Not Available,Not Available,Not Available,Not Available,youtube_data_api_v3
Kayla Henry,YouTube,5890,3.53,Unclassified,Not Available,https://www.youtube.com/@kkayla.henryy,Not Available,rejected,"FAIL: niche_relevance: niche=Unclassified, relevance=0.0 (min 0.3)",Not Available,Not Available,Not Available,Not Available,Not Available,Not Available,Not Available,youtube_data_api_v3
Makeup tutorial,YouTube,5790,1.91,Beauty,Not Available,https://www.youtube.com/@makeup-g7w,makeup,rejected,FAIL: engagement: 1.91% (min 2.0%),Not Available,Not Available,Not Available,Not Available,Not Available,Not Available,Not Available,youtube_data_api_v3
My Beauty Routine,YouTube,5460,1.63,Beauty,Not Available,https://www.youtube.com/@mybeautyroutine,skincare,rejected,"FAIL: engagement: 1.63% (min 2.0%); niche_relevance: niche=Beauty, relevance=0.14 (min 0.3); recent_activity: last post 145 days ago (max 90)",Not Available,Not Available,IT,Not Available,Not Available,Not Available,Not Available,youtube_data_api_v3
Explore with Prags,YouTube,5330,2.45,Beauty,Not Found,https://www.youtube.com/@explore.w_prags,"makeup, styling",shortlisted,PASS: all checks met,Not Available,Not Available,Not Available,Not Available (needs creator-authorised analytics),Not Available (needs creator-authorised analytics),Not Available (needs creator-authorised analytics),Not Available,youtube_data_api_v3
Girly vibes only,YouTube,4590,2.56,Beauty,Not Available,https://www.youtube.com/@girlyvibesonly-pk,"makeup, skincare, styling",rejected,"FAIL: followers: 4,590 followers (allowed 5,000-100,000)",Not Available,Not Available,Not Available,Not Available,Not Available,Not Available,Not Available,youtube_data_api_v3
Rasha Sharaf,YouTube,4160,5.21,Beauty,Not Available,https://www.youtube.com/@rashasharaf0,"makeup, styling",rejected,"FAIL: followers: 4,160 followers (allowed 5,000-100,000)",Not Available,Not Available,BE,Not Available,Not Available,Not Available,Not Available,youtube_data_api_v3
Nancy Sharma,YouTube,4050,2.74,Fashion & Beauty,Not Available,https://www.youtube.com/@nansensei_,"makeup, styling, haircare",rejected,"FAIL: followers: 4,050 followers (allowed 5,000-100,000)",Not Available,Not Available,IN,Not Available,Not Available,Not Available,Not Available,youtube_data_api_v3
Makeup tutorial by jamila Shah,YouTube,3500,1.24,Beauty,Not Available,https://www.youtube.com/@makeupjamilashah,"makeup, haircare",rejected,"FAIL: followers: 3,500 followers (allowed 5,000-100,000); engagement: 1.24% (min 2.0%); recent_activity: last post 142 days ago (max 90)",Not Available,Not Available,PK,Not Available,Not Available,Not Available,Not Available,youtube_data_api_v3
~𝔰𝔥𝔢𝔟𝔞_𝔰𝔱𝔞𝔯~,YouTube,3400,1.28,Fashion,Not Available,https://www.youtube.com/@star_possible67,styling,rejected,"FAIL: followers: 3,400 followers (allowed 5,000-100,000); engagement: 1.28% (min 2.0%); niche_relevance: niche=Fashion, relevance=0.14 (min 0.3); recent_activity: last post 95 days ago (max 90)",Not Available,Not Available,Not Available,Not Available,Not Available,Not Available,Not Available,youtube_data_api_v3
𝐚𝐝𝐯𝐢𝐜𝐞𝐛𝐲𝐩𝐞𝐚𝐜𝐡𝐲★,YouTube,3270,1.1,Beauty,Not Available,https://www.youtube.com/@peachyy4,"skincare, styling, nails",rejected,"FAIL: followers: 3,270 followers (allowed 5,000-100,000); engagement: 1.1% (min 2.0%); niche_relevance: niche=Beauty, relevance=0.21 (min 0.3); recent_activity: last post 238 days ago (max 90)",Not Available,Not Available,US,Not Available,Not Available,Not Available,Not Available,youtube_data_api_v3
리봄봄 스킨케어루틴 skin care routine,YouTube,3240,Not Available,Beauty,Not Available,https://www.youtube.com/@skincare_leebombom,skincare,rejected,"FAIL: followers: 3,240 followers (allowed 5,000-100,000); engagement: engagement rate unavailable (too few videos with public likes/views); recent_activity: last post 337 days ago (max 90)",Not Available,Not Available,KR,Not Available,Not Available,Not Available,Not Available,youtube_data_api_v3
urfav posted,YouTube,2460,1.09,Beauty,Not Available,https://www.youtube.com/@ur.aestheticc,"makeup, hauls",rejected,"FAIL: followers: 2,460 followers (allowed 5,000-100,000); engagement: 1.09% (min 2.0%); niche_relevance: niche=Beauty, relevance=0.28 (min 0.3); recent_activity: last post 241 days ago (max 90)",Not Available,Not Available,Not Available,Not Available,Not Available,Not Available,Not Available,youtube_data_api_v3
𝙿𝟷𝚗𝚔 𝙰𝚗𝚐𝚎𝚕🪽,YouTube,1560,1.3,Beauty,Not Available,https://www.youtube.com/@p1nkangel555,makeup,rejected,"FAIL: followers: 1,560 followers (allowed 5,000-100,000); engagement: 1.3% (min 2.0%); niche_relevance: niche=Beauty, relevance=0.14 (min 0.3); recent_activity: last post 196 days ago (max 90)",Not Available,Not Available,US,Not Available,Not Available,Not Available,Not Available,youtube_data_api_v3
𝒥𝓍𝓈𝓉_ℳ𝒶𝓀ℴ💋,YouTube,1530,3.22,Fashion,Not Available,https://www.youtube.com/@jxst_mako9,styling,rejected,"FAIL: followers: 1,530 followers (allowed 5,000-100,000); recent_activity: last post 409 days ago (max 90)",Not Available,Not Available,Not Available,Not Available,Not Available,Not Available,Not Available,youtube_data_api_v3
lamaj,YouTube,1510,3.16,Fashion,Not Available,https://www.youtube.com/@lamajhatton,"hauls, styling, makeup",rejected,"FAIL: followers: 1,510 followers (allowed 5,000-100,000)",Not Available,Not Available,US,Not Available,Not Available,Not Available,Not Available,youtube_data_api_v3
Everyday Beauty Routine,YouTube,1340,0.94,Beauty,Not Available,https://www.youtube.com/@everydaybeautyroutine,"skincare, makeup, haircare, styling",rejected,"FAIL: followers: 1,340 followers (allowed 5,000-100,000); engagement: 0.94% (min 2.0%); recent_activity: last post 470 days ago (max 90)",Not Available,Not Available,IN,Not Available,Not Available,Not Available,Not Available,youtube_data_api_v3
Fashion noodle,YouTube,1320,1.61,Fashion,Not Available,https://www.youtube.com/@fashionnoodle77,styling,rejected,"FAIL: followers: 1,320 followers (allowed 5,000-100,000); engagement: 1.61% (min 2.0%); recent_activity: last post 277 days ago (max 90)",Not Available,Not Available,IN,Not Available,Not Available,Not Available,Not Available,youtube_data_api_v3
Aestheticblixx,YouTube,1150,1.05,Fashion,Not Available,https://www.youtube.com/@aestheticblixx,styling,rejected,"FAIL: followers: 1,150 followers (allowed 5,000-100,000); engagement: 1.05% (min 2.0%); niche_relevance: niche=Fashion, relevance=0.21 (min 0.3); recent_activity: last post 136 days ago (max 90)",Not Available,Not Available,Not Available,Not Available,Not Available,Not Available,Not Available,youtube_data_api_v3
Haider  makeup tutorial,YouTube,1100,2.77,Beauty,Not Available,https://www.youtube.com/@haidermakeuptutorial9159,"makeup, styling",rejected,"FAIL: followers: 1,100 followers (allowed 5,000-100,000)",Not Available,Not Available,Not Available,Not Available,Not Available,Not Available,Not Available,youtube_data_api_v3
Priyanshi Toshawar,YouTube,1060,3.26,Fashion,Not Available,https://www.youtube.com/@priyanshitoshawar,"hauls, accessories, makeup, skincare",rejected,"FAIL: followers: 1,060 followers (allowed 5,000-100,000)",Not Available,Not Available,IN,Not Available,Not Available,Not Available,Not Available,youtube_data_api_v3
Madhu Makeup - Tutorial,YouTube,1040,8.71,Beauty,Not Available,https://www.youtube.com/@madhumakeuptutorial,"skincare, makeup, haircare",rejected,"FAIL: followers: 1,040 followers (allowed 5,000-100,000); recent_activity: last post 1254 days ago (max 90)",Not Available,Not Available,IN,Not Available,Not Available,Not Available,Not Available,youtube_data_api_v3
Kashaf Makeup Tutorial,YouTube,913,12.87,Beauty,Not Available,https://www.youtube.com/@kashafmakeuptutorial3219,"makeup, haircare, nails, styling",rejected,"FAIL: followers: 913 followers (allowed 5,000-100,000); recent_activity: last post 1014 days ago (max 90)",Not Available,Not Available,PK,Not Available,Not Available,Not Available,Not Available,youtube_data_api_v3
Dr Redmond - Skincare For Women,YouTube,832,2.38,Beauty,Not Available,https://www.youtube.com/@drredmondskincareforwomen,skincare,rejected,"FAIL: followers: 832 followers (allowed 5,000-100,000)",Not Available,Not Available,IT,Not Available,Not Available,Not Available,Not Available,youtube_data_api_v3
Revision Skincare,YouTube,777,0.53,Beauty,Not Available,https://www.youtube.com/@revision.skincare,skincare,rejected,"FAIL: followers: 777 followers (allowed 5,000-100,000); engagement: 0.53% (min 2.0%); recent_activity: last post 390 days ago (max 90)",Not Available,Not Available,US,Not Available,Not Available,Not Available,Not Available,youtube_data_api_v3
Skincare Routine With Nature,YouTube,758,0.1,Beauty,Not Available,https://www.youtube.com/@skincareroutinewithnature,"skincare, makeup, haircare",rejected,"FAIL: followers: 758 followers (allowed 5,000-100,000); engagement: 0.1% (min 2.0%)",Not Available,Not Available,BD,Not Available,Not Available,Not Available,Not Available,youtube_data_api_v3
Charm by Payel,YouTube,675,Not Available,Fashion,Not Available,https://www.youtube.com/@charmbypayel,styling,rejected,"FAIL: followers: 675 followers (allowed 5,000-100,000); engagement: engagement rate unavailable (too few videos with public likes/views); niche_relevance: niche=Fashion, relevance=0.21 (min 0.3)",Not Available,Not Available,IN,Not Available,Not Available,Not Available,Not Available,youtube_data_api_v3
Sery Beauty Routine,YouTube,674,2.37,Beauty,Not Available,https://www.youtube.com/@serybeautyroutine5842,"skincare, haircare, hauls",rejected,"FAIL: followers: 674 followers (allowed 5,000-100,000)",Not Available,Not Available,IT,Not Available,Not Available,Not Available,Not Available,youtube_data_api_v3
Rezmi-creative,YouTube,651,4.43,Fashion,Not Available,https://www.youtube.com/@rezmi-creative,styling,rejected,"FAIL: followers: 651 followers (allowed 5,000-100,000)",Not Available,Not Available,Not Available,Not Available,Not Available,Not Available,Not Available,youtube_data_api_v3
Stylonity makeup tutorial,YouTube,611,1.33,Beauty,Not Available,https://www.youtube.com/@stylonityrashmi,"makeup, styling",rejected,"FAIL: followers: 611 followers (allowed 5,000-100,000); engagement: 1.33% (min 2.0%)",Not Available,Not Available,IN,Not Available,Not Available,Not Available,Not Available,youtube_data_api_v3
Splash Zone TV,YouTube,585,1.31,Unclassified,Not Available,https://www.youtube.com/@gymtopis,makeup,rejected,"FAIL: followers: 585 followers (allowed 5,000-100,000); engagement: 1.31% (min 2.0%); niche_relevance: niche=Unclassified, relevance=0.07 (min 0.3)",Not Available,Not Available,Not Available,Not Available,Not Available,Not Available,Not Available,youtube_data_api_v3
The SkinCare Routine,YouTube,473,2.11,Beauty,Not Available,https://www.youtube.com/@the_skincare_routine,skincare,rejected,"FAIL: followers: 473 followers (allowed 5,000-100,000); recent_activity: last post 176 days ago (max 90)",Not Available,Not Available,IT,Not Available,Not Available,Not Available,Not Available,youtube_data_api_v3
makeup tutorial,YouTube,465,2.1,Beauty,Not Available,https://www.youtube.com/@makeuptutorial3322,makeup,rejected,"FAIL: followers: 465 followers (allowed 5,000-100,000); recent_activity: last post 2318 days ago (max 90)",Not Available,Not Available,PK,Not Available,Not Available,Not Available,Not Available,youtube_data_api_v3
Fozia Makeup Tutorial,YouTube,425,12.26,Beauty,Not Available,https://www.youtube.com/@fozialiaquat1,makeup,rejected,"FAIL: followers: 425 followers (allowed 5,000-100,000); recent_activity: last post 258 days ago (max 90)",Not Available,Not Available,Not Available,Not Available,Not Available,Not Available,Not Available,youtube_data_api_v3
Foodie and Skincare Routine,YouTube,406,Not Available,Unclassified,Not Available,https://www.youtube.com/@foodieandskincareroutine3676,Not Available,rejected,"FAIL: followers: 406 followers (allowed 5,000-100,000); engagement: engagement rate unavailable (too few videos with public likes/views); niche_relevance: niche=Unclassified, relevance=0.0 (min 0.3); recent_activity: last post 1578 days ago (max 90)",Not Available,Not Available,Not Available,Not Available,Not Available,Not Available,Not Available,youtube_data_api_v3
Daily Skin Care Routine,YouTube,395,0.33,Beauty,Not Available,https://www.youtube.com/@glowproapp,skincare,rejected,"FAIL: followers: 395 followers (allowed 5,000-100,000); engagement: 0.33% (min 2.0%); recent_activity: last post 286 days ago (max 90)",Not Available,Not Available,TR,Not Available,Not Available,Not Available,Not Available,youtube_data_api_v3
SkinCare Routine,YouTube,371,0.0,Beauty,Not Available,https://www.youtube.com/@skincareroutine09,"skincare, makeup",rejected,"FAIL: followers: 371 followers (allowed 5,000-100,000); engagement: 0.0% (min 2.0%); recent_activity: last post 1058 days ago (max 90)",Not Available,Not Available,US,Not Available,Not Available,Not Available,Not Available,youtube_data_api_v3
Threads by Nova,YouTube,370,Not Available,Fashion,Not Available,https://www.youtube.com/@threadsbynova,"styling, streetwear",rejected,"FAIL: followers: 370 followers (allowed 5,000-100,000); engagement: engagement rate unavailable (too few videos with public likes/views)",Not Available,Not Available,Not Available,Not Available,Not Available,Not Available,Not Available,youtube_data_api_v3
Yasho Makeup Tutorial,YouTube,356,0.8,Unclassified,Not Available,https://www.youtube.com/@yashomakeuptutorial,haircare,rejected,"FAIL: followers: 356 followers (allowed 5,000-100,000); engagement: 0.8% (min 2.0%); niche_relevance: niche=Unclassified, relevance=0.07 (min 0.3)",Not Available,Not Available,Not Available,Not Available,Not Available,Not Available,Not Available,youtube_data_api_v3
It's Dami,YouTube,300,20.9,Beauty,Not Available,https://www.youtube.com/@damilolacarew6002,"makeup, nails, haircare, skincare",rejected,"FAIL: followers: 300 followers (allowed 5,000-100,000)",Not Available,Not Available,GB,Not Available,Not Available,Not Available,Not Available,youtube_data_api_v3
volexfits,YouTube,292,1.0,Fashion,Not Available,https://www.youtube.com/@volexfits,"styling, hauls, streetwear",rejected,"FAIL: followers: 292 followers (allowed 5,000-100,000); engagement: 1.0% (min 2.0%)",Not Available,Not Available,Not Available,Not Available,Not Available,Not Available,Not Available,youtube_data_api_v3
Bollywood makeup tutorial Jyoti,YouTube,286,13.05,Beauty,Not Available,https://www.youtube.com/@bollywoodmakeuptutorialjyo3794,"haircare, makeup",rejected,"FAIL: followers: 286 followers (allowed 5,000-100,000); niche_relevance: niche=Beauty, relevance=0.14 (min 0.3); recent_activity: last post 1296 days ago (max 90)",Not Available,Not Available,IN,Not Available,Not Available,Not Available,Not Available,youtube_data_api_v3
Skincare Routine,YouTube,271,1.13,Beauty,Not Available,https://www.youtube.com/@skincareroutine-q7u,"makeup, skincare",rejected,"FAIL: followers: 271 followers (allowed 5,000-100,000); engagement: 1.13% (min 2.0%); recent_activity: last post 388 days ago (max 90)",Not Available,Not Available,BD,Not Available,Not Available,Not Available,Not Available,youtube_data_api_v3
widad |  skincare routine,YouTube,247,3.27,Beauty,Not Available,https://www.youtube.com/@nofilter.skintalk,skincare,rejected,"FAIL: followers: 247 followers (allowed 5,000-100,000)",Not Available,Not Available,MA,Not Available,Not Available,Not Available,Not Available,youtube_data_api_v3
vlada skincare routine,YouTube,229,1.19,Unclassified,Not Available,https://www.youtube.com/@vladaskincare,Not Available,rejected,"FAIL: followers: 229 followers (allowed 5,000-100,000); engagement: 1.19% (min 2.0%); niche_relevance: niche=Unclassified, relevance=0.0 (min 0.3)",Not Available,Not Available,Not Available,Not Available,Not Available,Not Available,Not Available,youtube_data_api_v3
Skincare routine,YouTube,227,5.74,Unclassified,Not Available,https://www.youtube.com/@robloxgirl-pippa_rose6719,Not Available,rejected,"FAIL: followers: 227 followers (allowed 5,000-100,000); niche_relevance: niche=Unclassified, relevance=0.0 (min 0.3); recent_activity: last post 731 days ago (max 90)",Not Available,Not Available,Not Available,Not Available,Not Available,Not Available,Not Available,youtube_data_api_v3
PFEFE routine,YouTube,214,1.27,Beauty,Not Available,https://www.youtube.com/@pfefe,"skincare, makeup",rejected,"FAIL: followers: 214 followers (allowed 5,000-100,000); engagement: 1.27% (min 2.0%); recent_activity: last post 867 days ago (max 90)",Not Available,Not Available,Not Available,Not Available,Not Available,Not Available,Not Available,youtube_data_api_v3
Skincare Routine,YouTube,195,Not Available,Unclassified,Not Available,https://www.youtube.com/@skincareroutine5295,Not Available,rejected,"FAIL: followers: 195 followers (allowed 5,000-100,000); engagement: engagement rate unavailable (too few videos with public likes/views); niche_relevance: niche=Unclassified, relevance=0.0 (min 0.3)",Not Available,Not Available,DZ,Not Available,Not Available,Not Available,Not Available,youtube_data_api_v3
Atomy Beauty Routine Italia,YouTube,171,2.22,Beauty,Not Available,https://www.youtube.com/@atomybeautyroutine,"skincare, haircare",rejected,"FAIL: followers: 171 followers (allowed 5,000-100,000)",Not Available,Not Available,IT,Not Available,Not Available,Not Available,Not Available,youtube_data_api_v3
The Makeup Tutorials 002,YouTube,163,2.11,Beauty,Not Available,https://www.youtube.com/@themakeuptutorials002,makeup,rejected,"FAIL: followers: 163 followers (allowed 5,000-100,000)",Not Available,Not Available,PK,Not Available,Not Available,Not Available,Not Available,youtube_data_api_v3
Tannu makeup tutorial,YouTube,153,3.33,Beauty,Not Available,https://www.youtube.com/@tanusharma98,"makeup, styling",rejected,"FAIL: followers: 153 followers (allowed 5,000-100,000); recent_activity: last post 101 days ago (max 90)",Not Available,Not Available,Not Available,Not Available,Not Available,Not Available,Not Available,youtube_data_api_v3
Smart Routine,YouTube,144,1.38,Beauty,Not Available,https://www.youtube.com/@thesmartroutine-07,skincare,rejected,"FAIL: followers: 144 followers (allowed 5,000-100,000); engagement: 1.38% (min 2.0%)",Not Available,Not Available,IN,Not Available,Not Available,Not Available,Not Available,youtube_data_api_v3
Skin care Routine hub,YouTube,140,Not Available,Beauty,Not Available,https://www.youtube.com/@skincareroutine-b5j,"skincare, makeup",rejected,"FAIL: followers: 140 followers (allowed 5,000-100,000); engagement: engagement rate unavailable (too few videos with public likes/views); recent_activity: last post 246 days ago (max 90)",Not Available,Not Available,US,Not Available,Not Available,Not Available,Not Available,youtube_data_api_v3
Santina Skincare&Beauty,YouTube,140,1.53,Beauty,Not Available,https://www.youtube.com/@santinarose1209,"skincare, makeup",rejected,"FAIL: followers: 140 followers (allowed 5,000-100,000); engagement: 1.53% (min 2.0%)",Not Available,Not Available,Not Available,Not Available,Not Available,Not Available,Not Available,youtube_data_api_v3
Beauty and skin care routine,YouTube,133,19.91,Beauty,Not Available,https://www.youtube.com/@beautyandskincarerouteen,"skincare, makeup",rejected,"FAIL: followers: 133 followers (allowed 5,000-100,000); recent_activity: last post 596 days ago (max 90)",Not Available,Not Available,Not Available,Not Available,Not Available,Not Available,Not Available,youtube_data_api_v3
Skin care routine,YouTube,129,Not Available,Unclassified,Not Available,https://www.youtube.com/@babyalive_alli,Not Available,rejected,"FAIL: followers: 129 followers (allowed 5,000-100,000); engagement: engagement rate unavailable (too few videos with public likes/views); niche_relevance: niche=Unclassified, relevance=0.0 (min 0.3)",Not Available,Not Available,Not Available,Not Available,Not Available,Not Available,Not Available,youtube_data_api_v3
Skincare-Routine,YouTube,123,10.51,Unclassified,Not Available,https://www.youtube.com/@thathaspabeauty,skincare,rejected,"FAIL: followers: 123 followers (allowed 5,000-100,000); niche_relevance: niche=Unclassified, relevance=0.07 (min 0.3); recent_activity: last post 547 days ago (max 90)",Not Available,Not Available,Not Available,Not Available,Not Available,Not Available,Not Available,youtube_data_api_v3
FeelinMySkin Skincare Routine App,YouTube,118,3.39,Beauty,Not Available,https://www.youtube.com/@feelinmyskin,skincare,rejected,"FAIL: followers: 118 followers (allowed 5,000-100,000)",Not Available,Not Available,Not Available,Not Available,Not Available,Not Available,Not Available,youtube_data_api_v3
@Madhuri makeup tutorial video,YouTube,102,7.48,Beauty,Not Available,https://www.youtube.com/@makeupchannel-y9o5m,"makeup, accessories",rejected,"FAIL: followers: 102 followers (allowed 5,000-100,000)",Not Available,Not Available,Not Available,Not Available,Not Available,Not Available,Not Available,youtube_data_api_v3
Rosanna Beauty Routine,YouTube,102,0.79,Beauty,Not Available,https://www.youtube.com/@rosannafrattolillo8045,skincare,rejected,"FAIL: followers: 102 followers (allowed 5,000-100,000); engagement: 0.79% (min 2.0%)",Not Available,Not Available,Not Available,Not Available,Not Available,Not Available,Not Available,youtube_data_api_v3
꧁Wafa’s Skincare Routine꧂,YouTube,100,8.99,Beauty,Not Available,https://www.youtube.com/@wafasskincareroutine6251,skincare,rejected,"FAIL: followers: 100 followers (allowed 5,000-100,000); recent_activity: last post 1647 days ago (max 90)",Not Available,Not Available,Not Available,Not Available,Not Available,Not Available,Not Available,youtube_data_api_v3
Skin Care Routine,YouTube,74,30.8,Beauty,Not Available,https://www.youtube.com/@skincareroutine3479,"skincare, haircare, makeup",rejected,"FAIL: followers: 74 followers (allowed 5,000-100,000); recent_activity: last post 1937 days ago (max 90)",Not Available,Not Available,PK,Not Available,Not Available,Not Available,Not Available,youtube_data_api_v3
Radhika makeup tutorial,YouTube,71,4.02,Beauty,Not Available,https://www.youtube.com/@makeupwithradhika,"haircare, makeup, styling",rejected,"FAIL: followers: 71 followers (allowed 5,000-100,000)",Not Available,Not Available,Not Available,Not Available,Not Available,Not Available,Not Available,youtube_data_api_v3
SKIN CARE ROUTINE,YouTube,69,30.84,Beauty,Not Available,https://www.youtube.com/@zainasskincare02,"skincare, haircare",rejected,"FAIL: followers: 69 followers (allowed 5,000-100,000)",Not Available,Not Available,Not Available,Not Available,Not Available,Not Available,Not Available,youtube_data_api_v3
SKincare routine,YouTube,65,2.09,Unclassified,Not Available,https://www.youtube.com/@shruti_goyal,Not Available,rejected,"FAIL: followers: 65 followers (allowed 5,000-100,000); niche_relevance: niche=Unclassified, relevance=0.0 (min 0.3)",Not Available,Not Available,Not Available,Not Available,Not Available,Not Available,Not Available,youtube_data_api_v3
Healthy routine with Ritu,YouTube,64,1.45,Beauty,Not Available,https://www.youtube.com/@rituu2001,skincare,rejected,"FAIL: followers: 64 followers (allowed 5,000-100,000); engagement: 1.45% (min 2.0%)",Not Available,Not Available,Not Available,Not Available,Not Available,Not Available,Not Available,youtube_data_api_v3
skin care routine 🌺☺️,YouTube,63,2.01,Beauty,Not Available,https://www.youtube.com/@skin-care-routine-d2m,skincare,rejected,"FAIL: followers: 63 followers (allowed 5,000-100,000)",Not Available,Not Available,Not Available,Not Available,Not Available,Not Available,Not Available,youtube_data_api_v3
Tiktok | Skincare routine,YouTube,58,5.49,Beauty,Not Available,https://www.youtube.com/@tiktokskincareroutine3123,skincare,rejected,"FAIL: followers: 58 followers (allowed 5,000-100,000); recent_activity: last post 1703 days ago (max 90)",Not Available,Not Available,Not Available,Not Available,Not Available,Not Available,Not Available,youtube_data_api_v3
skincare routine,YouTube,58,1.35,Beauty,Not Available,https://www.youtube.com/@glowup_withsonyy,skincare,rejected,"FAIL: followers: 58 followers (allowed 5,000-100,000); engagement: 1.35% (min 2.0%); recent_activity: last post 96 days ago (max 90)",Not Available,Not Available,Not Available,Not Available,Not Available,Not Available,Not Available,youtube_data_api_v3
Beauty Routine Daily,YouTube,55,4.06,Beauty,Not Available,https://www.youtube.com/@beautyroutinedaily,"skincare, haircare",rejected,"FAIL: followers: 55 followers (allowed 5,000-100,000)",Not Available,Not Available,IN,Not Available,Not Available,Not Available,Not Available,youtube_data_api_v3
Kitty Skincare Routine,YouTube,55,4.47,Beauty,Not Available,https://www.youtube.com/@kittyskincare27,"skincare, makeup",rejected,"FAIL: followers: 55 followers (allowed 5,000-100,000); recent_activity: last post 500 days ago (max 90)",Not Available,Not Available,Not Available,Not Available,Not Available,Not Available,Not Available,youtube_data_api_v3
The Skincare Company,YouTube,53,0.11,Beauty,Not Available,https://www.youtube.com/@theskincarecompany4536,skincare,rejected,"FAIL: followers: 53 followers (allowed 5,000-100,000); engagement: 0.11% (min 2.0%); recent_activity: last post 131 days ago (max 90)",Not Available,Not Available,AU,Not Available,Not Available,Not Available,Not Available,youtube_data_api_v3
Korean Concept | Korean Skincare Routine,YouTube,53,1.05,Beauty,Not Available,https://www.youtube.com/@koreanconcept_cz,skincare,rejected,"FAIL: followers: 53 followers (allowed 5,000-100,000); engagement: 1.05% (min 2.0%); recent_activity: last post 221 days ago (max 90)",Not Available,Not Available,Not Available,Not Available,Not Available,Not Available,Not Available,youtube_data_api_v3
Revamp your Skincare Routine,YouTube,47,4.29,Beauty,Not Available,https://www.youtube.com/@revampyourskincareroutine7958,makeup,rejected,"FAIL: followers: 47 followers (allowed 5,000-100,000); niche_relevance: niche=Beauty, relevance=0.21 (min 0.3); recent_activity: last post 1812 days ago (max 90)",Not Available,Not Available,Not Available,Not Available,Not Available,Not Available,Not Available,youtube_data_api_v3
Lazy Skincare Routine,YouTube,46,0.6,Beauty,Not Available,https://www.youtube.com/@lazyskincareroutine,skincare,rejected,"FAIL: followers: 46 followers (allowed 5,000-100,000); engagement: 0.6% (min 2.0%)",Not Available,Not Available,Not Available,Not Available,Not Available,Not Available,Not Available,youtube_data_api_v3
Nana's skincare routine,YouTube,43,8.87,Beauty,Not Available,https://www.youtube.com/@makeup_skincare.,makeup,rejected,"FAIL: followers: 43 followers (allowed 5,000-100,000); niche_relevance: niche=Beauty, relevance=0.21 (min 0.3); recent_activity: last post 955 days ago (max 90)",Not Available,Not Available,Not Available,Not Available,Not Available,Not Available,Not Available,youtube_data_api_v3
Skin care routine,YouTube,38,3.96,Beauty,Not Available,https://www.youtube.com/@chemist311,skincare,rejected,"FAIL: followers: 38 followers (allowed 5,000-100,000); recent_activity: last post 1120 days ago (max 90)",Not Available,Not Available,Not Available,Not Available,Not Available,Not Available,Not Available,youtube_data_api_v3
skincare Routine 🫠💅,YouTube,37,Not Available,Beauty,Not Available,https://www.youtube.com/@rwskincare0,"skincare, haircare, fragrance, makeup",rejected,"FAIL: followers: 37 followers (allowed 5,000-100,000); engagement: engagement rate unavailable (too few videos with public likes/views); niche_relevance: niche=Beauty, relevance=0.28 (min 0.3)",Not Available,Not Available,Not Available,Not Available,Not Available,Not Available,Not Available,youtube_data_api_v3
Aung San Lin - BMe Skincare Routine,YouTube,37,0.0,Beauty,Not Available,https://www.youtube.com/@aunglay-c8u3r,makeup,rejected,"FAIL: followers: 37 followers (allowed 5,000-100,000); engagement: 0.0% (min 2.0%)",Not Available,Not Available,Not Available,Not Available,Not Available,Not Available,Not Available,youtube_data_api_v3
SKINCARE ROUTINE,YouTube,36,6.13,Unclassified,Not Available,https://www.youtube.com/@skicare171,skincare,rejected,"FAIL: followers: 36 followers (allowed 5,000-100,000); niche_relevance: niche=Unclassified, relevance=0.07 (min 0.3); recent_activity: last post 870 days ago (max 90)",Not Available,Not Available,Not Available,Not Available,Not Available,Not Available,Not Available,youtube_data_api_v3
29 PLUS,YouTube,34,3.36,Beauty,Not Available,https://www.youtube.com/@29plusskin,skincare,rejected,"FAIL: followers: 34 followers (allowed 5,000-100,000)",Not Available,Not Available,Not Available,Not Available,Not Available,Not Available,Not Available,youtube_data_api_v3
Glow Routine,YouTube,33,5.52,Beauty,Not Available,https://www.youtube.com/@glowroutine-i6d,skincare,rejected,"FAIL: followers: 33 followers (allowed 5,000-100,000); recent_activity: last post 94 days ago (max 90)",Not Available,Not Available,Not Available,Not Available,Not Available,Not Available,Not Available,youtube_data_api_v3
Skin Care Routine Tips,YouTube,32,43.53,Beauty,Not Available,https://www.youtube.com/@skincareroutinetips34,"skincare, nails, styling",rejected,"FAIL: followers: 32 followers (allowed 5,000-100,000); recent_activity: last post 150 days ago (max 90)",Not Available,Not Available,PK,Not Available,Not Available,Not Available,Not Available,youtube_data_api_v3
Skinfinity Routine,YouTube,32,6.94,Beauty,Not Available,https://www.youtube.com/@skinfinityroutine,skincare,rejected,"FAIL: followers: 32 followers (allowed 5,000-100,000); recent_activity: last post 310 days ago (max 90)",Not Available,Not Available,Not Available,Not Available,Not Available,Not Available,Not Available,youtube_data_api_v3
SKIN CARE ROUTINE 101,YouTube,28,3.35,Beauty,Not Available,https://www.youtube.com/@skincareroutine1015,skincare,rejected,"FAIL: followers: 28 followers (allowed 5,000-100,000); recent_activity: last post 1884 days ago (max 90)",Not Available,Not Available,Not Available,Not Available,Not Available,Not Available,Not Available,youtube_data_api_v3
Skincare routine,YouTube,27,Not Available,Unclassified,Not Available,https://www.youtube.com/@stinkerroutintag,Not Available,rejected,"FAIL: followers: 27 followers (allowed 5,000-100,000); engagement: engagement rate unavailable (too few videos with public likes/views); niche_relevance: niche=Unclassified, relevance=0.0 (min 0.3)",Not Available,Not Available,Not Available,Not Available,Not Available,Not Available,Not Available,youtube_data_api_v3
Skincare routine,YouTube,27,18.91,Beauty,Not Available,https://www.youtube.com/@skincareshorts24,"skincare, haircare",rejected,"FAIL: followers: 27 followers (allowed 5,000-100,000)",Not Available,Not Available,Not Available,Not Available,Not Available,Not Available,Not Available,youtube_data_api_v3
skincare routine,YouTube,26,Not Available,Unclassified,Not Available,https://www.youtube.com/@skincareroutine08,Not Available,rejected,"FAIL: followers: 26 followers (allowed 5,000-100,000); engagement: engagement rate unavailable (too few videos with public likes/views); niche_relevance: niche=Unclassified, relevance=0.0 (min 0.3)",Not Available,Not Available,Not Available,Not Available,Not Available,Not Available,Not Available,youtube_data_api_v3
Skincare routine,YouTube,23,1.83,Beauty,Not Available,https://www.youtube.com/@skincare.routine.h,skincare,rejected,"FAIL: followers: 23 followers (allowed 5,000-100,000); engagement: 1.83% (min 2.0%)",Not Available,Not Available,Not Available,Not Available,Not Available,Not Available,Not Available,youtube_data_api_v3
"L,DORA Skincare Routine",YouTube,23,Not Available,Unclassified,Not Available,https://www.youtube.com/@motivationinmotion-b3h,Not Available,rejected,"FAIL: followers: 23 followers (allowed 5,000-100,000); engagement: engagement rate unavailable (too few videos with public likes/views); niche_relevance: niche=Unclassified, relevance=0.0 (min 0.3)",Not Available,Not Available,Not Available,Not Available,Not Available,Not Available,Not Available,youtube_data_api_v3
Skincare routine,YouTube,21,Not Available,Beauty,Not Available,https://www.youtube.com/@skincargameplay,"skincare, makeup",rejected,"FAIL: followers: 21 followers (allowed 5,000-100,000); engagement: engagement rate unavailable (too few videos with public likes/views)",Not Available,Not Available,US,Not Available,Not Available,Not Available,Not Available,youtube_data_api_v3
skincare routine skncoach,YouTube,21,0.76,Beauty,Not Available,https://www.youtube.com/@getskncoach,skincare,rejected,"FAIL: followers: 21 followers (allowed 5,000-100,000); engagement: 0.76% (min 2.0%)",Not Available,Not Available,Not Available,Not Available,Not Available,Not Available,Not Available,youtube_data_api_v3
Skincare Routine,YouTube,21,Not Available,Beauty,Not Available,https://www.youtube.com/@skincareroutine7023,skincare,rejected,"FAIL: followers: 21 followers (allowed 5,000-100,000); engagement: engagement rate unavailable (too few videos with public likes/views)",Not Available,Not Available,NL,Not Available,Not Available,Not Available,Not Available,youtube_data_api_v3
Skincare routine,YouTube,21,2.63,Beauty,Not Available,https://www.youtube.com/@mommy123-11,skincare,rejected,"FAIL: followers: 21 followers (allowed 5,000-100,000); niche_relevance: niche=Beauty, relevance=0.14 (min 0.3); recent_activity: last post 138 days ago (max 90)",Not Available,Not Available,Not Available,Not Available,Not Available,Not Available,Not Available,youtube_data_api_v3
Bella Skincare routine,YouTube,19,Not Available,Beauty,Not Available,https://www.youtube.com/@bellaskincareroutine4202,skincare,rejected,"FAIL: followers: 19 followers (allowed 5,000-100,000); engagement: engagement rate unavailable (too few videos with public likes/views); recent_activity: last post 1619 days ago (max 90)",Not Available,Not Available,Not Available,Not Available,Not Available,Not Available,Not Available,youtube_data_api_v3
Skin Care Routine,YouTube,18,13.83,Beauty,Not Available,https://www.youtube.com/@skincarer,skincare,rejected,"FAIL: followers: 18 followers (allowed 5,000-100,000); recent_activity: last post 997 days ago (max 90)",Not Available,Not Available,Not Available,Not Available,Not Available,Not Available,Not Available,youtube_data_api_v3
skincare routine,YouTube,16,12.79,Beauty,Not Available,https://www.youtube.com/@skincareroutine-b5t,"skincare, makeup",rejected,"FAIL: followers: 16 followers (allowed 5,000-100,000)",Not Available,Not Available,PK,Not Available,Not Available,Not Available,Not Available,youtube_data_api_v3
Inés Routine 🌸,YouTube,16,28.91,Beauty,Not Available,https://www.youtube.com/@inesroutine55,"makeup, skincare",rejected,"FAIL: followers: 16 followers (allowed 5,000-100,000)",Not Available,Not Available,Not Available,Not Available,Not Available,Not Available,Not Available,youtube_data_api_v3
Minute Munch + Skincare routine,YouTube,15,4.19,Beauty,Not Available,https://www.youtube.com/@fooodloverandskicare-z4k,skincare,rejected,"FAIL: followers: 15 followers (allowed 5,000-100,000)",Not Available,Not Available,Not Available,Not Available,Not Available,Not Available,Not Available,youtube_data_api_v3
Beauty care routine 😁,YouTube,15,0.63,Beauty,Not Available,https://www.youtube.com/@beauty-1-vn,skincare,rejected,"FAIL: followers: 15 followers (allowed 5,000-100,000); engagement: 0.63% (min 2.0%); recent_activity: last post 159 days ago (max 90)",Not Available,Not Available,IN,Not Available,Not Available,Not Available,Not Available,youtube_data_api_v3
Glow - The Ai Skincare Routine,YouTube,14,2.63,Beauty,Not Available,https://www.youtube.com/@glowai-skincareroutine,skincare,rejected,"FAIL: followers: 14 followers (allowed 5,000-100,000); recent_activity: last post 574 days ago (max 90)",Not Available,Not Available,Not Available,Not Available,Not Available,Not Available,Not Available,youtube_data_api_v3
love makeup tutorial,YouTube,14,16.32,Beauty,Not Available,https://www.youtube.com/@aishleeneyemakeup,makeup,rejected,"FAIL: followers: 14 followers (allowed 5,000-100,000)",Not Available,Not Available,Not Available,Not Available,Not Available,Not Available,Not Available,youtube_data_api_v3
skin care routine,YouTube,12,8.16,Unclassified,Not Available,https://www.youtube.com/@skincareroutine4557,Not Available,rejected,"FAIL: followers: 12 followers (allowed 5,000-100,000); niche_relevance: niche=Unclassified, relevance=0.0 (min 0.3); recent_activity: last post 1740 days ago (max 90)",Not Available,Not Available,Not Available,Not Available,Not Available,Not Available,Not Available,youtube_data_api_v3
Skin Care Routine,YouTube,10,Not Available,Unclassified,Not Available,https://www.youtube.com/@navjeetkaur-ut8vi,Not Available,rejected,"FAIL: followers: 10 followers (allowed 5,000-100,000); engagement: engagement rate unavailable (too few videos with public likes/views); niche_relevance: niche=Unclassified, relevance=0.0 (min 0.3)",Not Available,Not Available,Not Available,Not Available,Not Available,Not Available,Not Available,youtube_data_api_v3
Skin care routine,YouTube,10,177.84,Beauty,Not Available,https://www.youtube.com/@skin_care242,skincare,rejected,"FAIL: followers: 10 followers (allowed 5,000-100,000); recent_activity: last post 1094 days ago (max 90)",Not Available,Not Available,Not Available,Not Available,Not Available,Not Available,Not Available,youtube_data_api_v3
Skincare Routine,YouTube,9,26.18,Beauty,Not Available,https://www.youtube.com/@skincareroutine9111,skincare,rejected,"FAIL: followers: 9 followers (allowed 5,000-100,000); niche_relevance: niche=Beauty, relevance=0.23 (min 0.3); recent_activity: last post 1785 days ago (max 90)",Not Available,Not Available,Not Available,Not Available,Not Available,Not Available,Not Available,youtube_data_api_v3
Skincare routine,YouTube,8,18.02,Beauty,Not Available,https://www.youtube.com/@skincare-m7p,skincare,rejected,"FAIL: followers: 8 followers (allowed 5,000-100,000); recent_activity: last post 390 days ago (max 90)",Not Available,Not Available,GB,Not Available,Not Available,Not Available,Not Available,youtube_data_api_v3
Korean skincare routine 💫,YouTube,8,30.67,Beauty,Not Available,https://www.youtube.com/@taybasultanazara,skincare,rejected,"FAIL: followers: 8 followers (allowed 5,000-100,000); recent_activity: last post 575 days ago (max 90)",Not Available,Not Available,Not Available,Not Available,Not Available,Not Available,Not Available,youtube_data_api_v3
Skincare Routine,YouTube,7,Not Available,Beauty,Not Available,https://www.youtube.com/@skincareroutine-m8q,skincare,rejected,"FAIL: followers: 7 followers (allowed 5,000-100,000); engagement: engagement rate unavailable (too few videos with public likes/views); recent_activity: last post 778 days ago (max 90)",Not Available,Not Available,Not Available,Not Available,Not Available,Not Available,Not Available,youtube_data_api_v3
Healthy skin care routine,YouTube,7,5.5,Beauty,Not Available,https://www.youtube.com/@ankita-p7b,skincare,rejected,"FAIL: followers: 7 followers (allowed 5,000-100,000); recent_activity: last post 664 days ago (max 90)",Not Available,Not Available,Not Available,Not Available,Not Available,Not Available,Not Available,youtube_data_api_v3
skincare routine,YouTube,7,Not Available,Beauty,Not Available,https://www.youtube.com/@adnanbarkat-v4o,skincare,rejected,"FAIL: followers: 7 followers (allowed 5,000-100,000); engagement: engagement rate unavailable (too few videos with public likes/views); recent_activity: last post 561 days ago (max 90)",Not Available,Not Available,Not Available,Not Available,Not Available,Not Available,Not Available,youtube_data_api_v3
skincare routine,YouTube,6,3.98,Beauty,Not Available,https://www.youtube.com/@dailyskincare-t9k,skincare,rejected,"FAIL: followers: 6 followers (allowed 5,000-100,000)",Not Available,Not Available,PK,Not Available,Not Available,Not Available,Not Available,youtube_data_api_v3
Skincare Routine,YouTube,6,Not Available,Beauty,Not Available,https://www.youtube.com/@skincareroutine992,"skincare, makeup",rejected,"FAIL: followers: 6 followers (allowed 5,000-100,000); engagement: engagement rate unavailable (too few videos with public likes/views); recent_activity: last post 893 days ago (max 90)",Not Available,Not Available,IN,Not Available,Not Available,Not Available,Not Available,youtube_data_api_v3
Rehnuma skin care routine,YouTube,6,25.07,Beauty,Not Available,https://www.youtube.com/@rehnumaskincareroutine9916,skincare,rejected,"FAIL: followers: 6 followers (allowed 5,000-100,000); recent_activity: last post 1510 days ago (max 90)",Not Available,Not Available,Not Available,Not Available,Not Available,Not Available,Not Available,youtube_data_api_v3
Skincare routine,YouTube,6,0.79,Beauty,Not Available,https://www.youtube.com/@skincareroutinetips,"skincare, haircare",rejected,"FAIL: followers: 6 followers (allowed 5,000-100,000); engagement: 0.79% (min 2.0%); recent_activity: last post 495 days ago (max 90)",Not Available,Not Available,Not Available,Not Available,Not Available,Not Available,Not Available,youtube_data_api_v3
skin care routine,YouTube,5,2.24,Unclassified,Not Available,https://www.youtube.com/@aseelsalah9910,Not Available,rejected,"FAIL: followers: 5 followers (allowed 5,000-100,000); niche_relevance: niche=Unclassified, relevance=0.0 (min 0.3)",Not Available,Not Available,Not Available,Not Available,Not Available,Not Available,Not Available,youtube_data_api_v3
Skin Care Routine,YouTube,4,1.53,Beauty,Not Available,https://www.youtube.com/@skincareroutine7886,"skincare, makeup",rejected,"FAIL: followers: 4 followers (allowed 5,000-100,000); engagement: 1.53% (min 2.0%); recent_activity: last post 3272 days ago (max 90)",Not Available,Not Available,Not Available,Not Available,Not Available,Not Available,Not Available,youtube_data_api_v3
Queen Skincare routine,YouTube,4,Not Available,Beauty,Not Available,https://www.youtube.com/@queenskincareroutine,skincare,rejected,"FAIL: followers: 4 followers (allowed 5,000-100,000); engagement: engagement rate unavailable (too few videos with public likes/views)",Not Available,Not Available,Not Available,Not Available,Not Available,Not Available,Not Available,youtube_data_api_v3
Skincare routine,YouTube,4,22.07,Unclassified,Not Available,https://www.youtube.com/@sunny-eg2nv,Not Available,rejected,"FAIL: followers: 4 followers (allowed 5,000-100,000); niche_relevance: niche=Unclassified, relevance=0.0 (min 0.3); recent_activity: last post 144 days ago (max 90)",Not Available,Not Available,Not Available,Not Available,Not Available,Not Available,Not Available,youtube_data_api_v3
Skincare routine 💗,YouTube,4,Not Available,Beauty,Not Available,https://www.youtube.com/@cherry..blossom-b9s,skincare,rejected,"FAIL: followers: 4 followers (allowed 5,000-100,000); engagement: engagement rate unavailable (too few videos with public likes/views)",Not Available,Not Available,Not Available,Not Available,Not Available,Not Available,Not Available,youtube_data_api_v3
skin care routine,YouTube,4,0.02,Unclassified,Not Available,https://www.youtube.com/@skincareroutine-f9k,Not Available,rejected,"FAIL: followers: 4 followers (allowed 5,000-100,000); engagement: 0.02% (min 2.0%); niche_relevance: niche=Unclassified, relevance=0.0 (min 0.3)",Not Available,Not Available,Not Available,Not Available,Not Available,Not Available,Not Available,youtube_data_api_v3
SKINCARE ROUTINE,YouTube,3,0.18,Beauty,Not Available,https://www.youtube.com/@medicine-i7v,skincare,rejected,"FAIL: followers: 3 followers (allowed 5,000-100,000); engagement: 0.18% (min 2.0%); recent_activity: last post 525 days ago (max 90)",Not Available,Not Available,PK,Not Available,Not Available,Not Available,Not Available,youtube_data_api_v3
Jimena Carvalho- Skincare Routine,YouTube,3,2.2,Beauty,Not Available,https://www.youtube.com/@jimenacarvalho6601,skincare,rejected,"FAIL: followers: 3 followers (allowed 5,000-100,000); recent_activity: last post 1267 days ago (max 90)",Not Available,Not Available,Not Available,Not Available,Not Available,Not Available,Not Available,youtube_data_api_v3
Skincare routine,YouTube,3,Not Available,Beauty,Not Available,https://www.youtube.com/@simranjeetgill-p8q,"skincare, makeup",rejected,"FAIL: followers: 3 followers (allowed 5,000-100,000); engagement: engagement rate unavailable (too few videos with public likes/views); recent_activity: last post 300 days ago (max 90)",Not Available,Not Available,Not Available,Not Available,Not Available,Not Available,Not Available,youtube_data_api_v3
Alizay skincare routine,YouTube,3,15.58,Beauty,Not Available,https://www.youtube.com/@alizayskincareroutine8613,makeup,rejected,"FAIL: followers: 3 followers (allowed 5,000-100,000); niche_relevance: niche=Beauty, relevance=0.14 (min 0.3); recent_activity: last post 2283 days ago (max 90)",Not Available,Not Available,Not Available,Not Available,Not Available,Not Available,Not Available,youtube_data_api_v3
Skincare Routine,YouTube,3,Not Available,Unclassified,Not Available,https://www.youtube.com/@skincareroutine9126,Not Available,rejected,"FAIL: followers: 3 followers (allowed 5,000-100,000); engagement: engagement rate unavailable (too few videos with public likes/views); niche_relevance: niche=Unclassified, relevance=0.0 (min 0.3); recent_activity: last post 1716 days ago (max 90)",Not Available,Not Available,Not Available,Not Available,Not Available,Not Available,Not Available,youtube_data_api_v3
Daily skincare routine,YouTube,3,Not Available,Beauty,Not Available,https://www.youtube.com/@satisfique-627,skincare,rejected,"FAIL: followers: 3 followers (allowed 5,000-100,000); engagement: engagement rate unavailable (too few videos with public likes/views); recent_activity: last post 609 days ago (max 90)",Not Available,Not Available,Not Available,Not Available,Not Available,Not Available,Not Available,youtube_data_api_v3
gudiya skincare routine,YouTube,3,46.13,Beauty,Not Available,https://www.youtube.com/@informationgroup6618,"skincare, makeup",rejected,"FAIL: followers: 3 followers (allowed 5,000-100,000); recent_activity: last post 251 days ago (max 90)",Not Available,Not Available,Not Available,Not Available,Not Available,Not Available,Not Available,youtube_data_api_v3
skincare routine,YouTube,2,Not Available,Unclassified,Not Available,https://www.youtube.com/@skincareroutine01,Not Available,rejected,"FAIL: followers: 2 followers (allowed 5,000-100,000); engagement: engagement rate unavailable (too few videos with public likes/views); niche_relevance: niche=Unclassified, relevance=0.0 (min 0.3); recent_activity: last post 224 days ago (max 90)",Not Available,Not Available,Not Available,Not Available,Not Available,Not Available,Not Available,youtube_data_api_v3
Golden life tips Skincare routine,YouTube,2,0.15,Beauty,Not Available,https://www.youtube.com/@goldenlifetips-n1l,skincare,rejected,"FAIL: followers: 2 followers (allowed 5,000-100,000); engagement: 0.15% (min 2.0%); recent_activity: last post 538 days ago (max 90)",Not Available,Not Available,Not Available,Not Available,Not Available,Not Available,Not Available,youtube_data_api_v3
Skin Care Routine,YouTube,2,Not Available,Beauty,Not Available,https://www.youtube.com/@skincareroutine-e3l,skincare,rejected,"FAIL: followers: 2 followers (allowed 5,000-100,000); engagement: engagement rate unavailable (too few videos with public likes/views)",Not Available,Not Available,Not Available,Not Available,Not Available,Not Available,Not Available,youtube_data_api_v3
skin care routine,YouTube,2,Not Available,Unclassified,Not Available,https://www.youtube.com/@chumkikhatun-f5y,Not Available,rejected,"FAIL: followers: 2 followers (allowed 5,000-100,000); engagement: engagement rate unavailable (too few videos with public likes/views); niche_relevance: niche=Unclassified, relevance=0.0 (min 0.3); recent_activity: last post 303 days ago (max 90)",Not Available,Not Available,Not Available,Not Available,Not Available,Not Available,Not Available,youtube_data_api_v3
My Skin Beauty Self-Care Diary,YouTube,2,0.0,Beauty,Not Available,https://www.youtube.com/@beautyskincaretipsusa,"skincare, makeup",rejected,"FAIL: followers: 2 followers (allowed 5,000-100,000); engagement: 0.0% (min 2.0%); recent_activity: last post 1079 days ago (max 90)",Not Available,Not Available,BD,Not Available,Not Available,Not Available,Not Available,youtube_data_api_v3
KSR → Korean Skincare Routine,YouTube,2,0.25,Beauty,Not Available,https://www.youtube.com/@ksrkoreanskincareroutine,skincare,rejected,"FAIL: followers: 2 followers (allowed 5,000-100,000); engagement: 0.25% (min 2.0%); recent_activity: last post 304 days ago (max 90)",Not Available,Not Available,Not Available,Not Available,Not Available,Not Available,Not Available,youtube_data_api_v3
Skincare routine,YouTube,1,Not Available,Beauty,Not Available,https://www.youtube.com/@skincareroutine6162,skincare,rejected,"FAIL: followers: 1 followers (allowed 5,000-100,000); engagement: engagement rate unavailable (too few videos with public likes/views); recent_activity: last post 1324 days ago (max 90)",Not Available,Not Available,IN,Not Available,Not Available,Not Available,Not Available,youtube_data_api_v3
Omerliy’s skincare routine,YouTube,1,Not Available,Unclassified,Not Available,https://www.youtube.com/@omerliyperalta-is6hf,Not Available,rejected,"FAIL: followers: 1 followers (allowed 5,000-100,000); engagement: engagement rate unavailable (too few videos with public likes/views); niche_relevance: niche=Unclassified, relevance=0.0 (min 0.3); recent_activity: last post 1083 days ago (max 90)",Not Available,Not Available,Not Available,Not Available,Not Available,Not Available,Not Available,youtube_data_api_v3
Skincare routine,YouTube,1,2.74,Beauty,Not Available,https://www.youtube.com/@skincare_routine2.0,"skincare, makeup",rejected,"FAIL: followers: 1 followers (allowed 5,000-100,000); recent_activity: last post 847 days ago (max 90)",Not Available,Not Available,Not Available,Not Available,Not Available,Not Available,Not Available,youtube_data_api_v3
Skin care routine Surbhi official,YouTube,1,Not Available,Beauty,Not Available,https://www.youtube.com/@skincareroutinesurbhiofficial,skincare,rejected,"FAIL: followers: 1 followers (allowed 5,000-100,000); engagement: engagement rate unavailable (too few videos with public likes/views); recent_activity: last post 292 days ago (max 90)",Not Available,Not Available,Not Available,Not Available,Not Available,Not Available,Not Available,youtube_data_api_v3
Skincare Routine,YouTube,1,Not Available,Unclassified,Not Available,https://www.youtube.com/@skincareroutine-60,Not Available,rejected,"FAIL: followers: 1 followers (allowed 5,000-100,000); engagement: engagement rate unavailable (too few videos with public likes/views); niche_relevance: niche=Unclassified, relevance=0.0 (min 0.3); recent_activity: last post 327 days ago (max 90)",Not Available,Not Available,Not Available,Not Available,Not Available,Not Available,Not Available,youtube_data_api_v3
Skincare Routine & Face care,YouTube,1,0.11,Beauty,Not Available,https://www.youtube.com/@glowroutine-app,skincare,rejected,"FAIL: followers: 1 followers (allowed 5,000-100,000); engagement: 0.11% (min 2.0%); recent_activity: last post 133 days ago (max 90)",Not Available,Not Available,IN,Not Available,Not Available,Not Available,Not Available,youtube_data_api_v3
Skincare Routine 2017,YouTube,1,0.0,Beauty,Not Available,https://www.youtube.com/@skincareroutine-ku5ss,skincare,rejected,"FAIL: followers: 1 followers (allowed 5,000-100,000); engagement: 0.0% (min 2.0%); recent_activity: last post 3555 days ago (max 90)",Not Available,Not Available,Not Available,Not Available,Not Available,Not Available,Not Available,youtube_data_api_v3
Skincare routine and products,YouTube,1,Not Available,Beauty,Not Available,https://www.youtube.com/@zohankhan-q2x,skincare,rejected,"FAIL: followers: 1 followers (allowed 5,000-100,000); engagement: engagement rate unavailable (too few videos with public likes/views); recent_activity: last post 511 days ago (max 90)",Not Available,Not Available,Not Available,Not Available,Not Available,Not Available,Not Available,youtube_data_api_v3
skin care routine by Reena,YouTube,1,63.33,Beauty,Not Available,https://www.youtube.com/@skinbyreena,skincare,rejected,"FAIL: followers: 1 followers (allowed 5,000-100,000); recent_activity: last post 488 days ago (max 90)",Not Available,Not Available,Not Available,Not Available,Not Available,Not Available,Not Available,youtube_data_api_v3
Sanvi daily Skin care routine,YouTube,1,3.22,Beauty,Not Available,https://www.youtube.com/@sanvidailyskincareroutine,skincare,rejected,"FAIL: followers: 1 followers (allowed 5,000-100,000)",Not Available,Not Available,Not Available,Not Available,Not Available,Not Available,Not Available,youtube_data_api_v3
SkinCareRoutine,YouTube,0,0.26,Beauty,Not Available,https://www.youtube.com/@skincareroutineasia,skincare,rejected,"FAIL: followers: 0 followers (allowed 5,000-100,000); engagement: 0.26% (min 2.0%)",Not Available,Not Available,Not Available,Not Available,Not Available,Not Available,Not Available,youtube_data_api_v3
Skincare Routine,YouTube,0,3.78,Beauty,Not Available,https://www.youtube.com/@skincareroutine-y5o,skincare,rejected,"FAIL: followers: 0 followers (allowed 5,000-100,000)",Not Available,Not Available,Not Available,Not Available,Not Available,Not Available,Not Available,youtube_data_api_v3
skincare routine,YouTube,0,Not Available,Beauty,Not Available,https://www.youtube.com/@skincareroutine-yc6hn,skincare,rejected,"FAIL: followers: 0 followers (allowed 5,000-100,000); engagement: engagement rate unavailable (too few videos with public likes/views); recent_activity: last post 1005 days ago (max 90)",Not Available,Not Available,Not Available,Not Available,Not Available,Not Available,Not Available,youtube_data_api_v3
skincare routine,YouTube,0,Not Available,Beauty,Not Available,https://www.youtube.com/@skincareroutine-v8z,skincare,rejected,"FAIL: followers: 0 followers (allowed 5,000-100,000); engagement: engagement rate unavailable (too few videos with public likes/views)",Not Available,Not Available,Not Available,Not Available,Not Available,Not Available,Not Available,youtube_data_api_v3
My Skincare Routine,YouTube,0,Not Available,Beauty,Not Available,https://www.youtube.com/@myskincareroutine.official,skincare,rejected,"FAIL: followers: 0 followers (allowed 5,000-100,000); engagement: engagement rate unavailable (too few videos with public likes/views); recent_activity: last post 327 days ago (max 90)",Not Available,Not Available,Not Available,Not Available,Not Available,Not Available,Not Available,youtube_data_api_v3
SkinCare Routine,YouTube,0,0.0,Beauty,Not Available,https://www.youtube.com/@skincareroutine-h2k,skincare,rejected,"FAIL: followers: 0 followers (allowed 5,000-100,000); engagement: 0.0% (min 2.0%); recent_activity: last post 205 days ago (max 90)",Not Available,Not Available,US,Not Available,Not Available,Not Available,Not Available,youtube_data_api_v3
Glow - The Ai SkinCare Routine,YouTube,0,Not Available,Unclassified,Not Available,https://www.youtube.com/channel/UCl4gPC-CJGSZPFcNbma-ugQ,Not Available,rejected,"FAIL: followers: 0 followers (allowed 5,000-100,000); engagement: engagement rate unavailable (too few videos with public likes/views); niche_relevance: niche=Unclassified, relevance=0.0 (min 0.3)",Not Available,Not Available,Not Available,Not Available,Not Available,Not Available,Not Available,youtube_data_api_v3
Skin Care Routine,YouTube,0,33.33,Beauty,Not Available,https://www.youtube.com/@skincareroutine-,"skincare, makeup",rejected,"FAIL: followers: 0 followers (allowed 5,000-100,000); recent_activity: last post 947 days ago (max 90)",Not Available,Not Available,Not Available,Not Available,Not Available,Not Available,Not Available,youtube_data_api_v3
daily skincare routine,YouTube,0,0.89,Beauty,Not Available,https://www.youtube.com/@dailyskincareroutine2d4,skincare,rejected,"FAIL: followers: 0 followers (allowed 5,000-100,000); engagement: 0.89% (min 2.0%)",Not Available,Not Available,Not Available,Not Available,Not Available,Not Available,Not Available,youtube_data_api_v3
Skin Care Routine,YouTube,0,0.23,Beauty,Not Available,https://www.youtube.com/@skincareroutine-somnath,skincare,rejected,"FAIL: followers: 0 followers (allowed 5,000-100,000); engagement: 0.23% (min 2.0%); recent_activity: last post 258 days ago (max 90)",Not Available,Not Available,IN,Not Available,Not Available,Not Available,Not Available,youtube_data_api_v3
skincare routine,YouTube,0,0.0,Beauty,Not Available,https://www.youtube.com/@skincareroutine7788,skincare,rejected,"FAIL: followers: 0 followers (allowed 5,000-100,000); engagement: 0.0% (min 2.0%); recent_activity: last post 240 days ago (max 90)",Not Available,Not Available,Not Available,Not Available,Not Available,Not Available,Not Available,youtube_data_api_v3
Skincare routine,YouTube,0,Not Available,Beauty,Not Available,https://www.youtube.com/@rjangrarjangra,skincare,rejected,"FAIL: followers: 0 followers (allowed 5,000-100,000); engagement: engagement rate unavailable (too few videos with public likes/views); recent_activity: last post 899 days ago (max 90)",Not Available,Not Available,Not Available,Not Available,Not Available,Not Available,Not Available,youtube_data_api_v3
super effective Skincare routine,YouTube,0,Not Available,Beauty,Not Available,https://www.youtube.com/@supereffectiveskincarerout2981,skincare,rejected,"FAIL: followers: 0 followers (allowed 5,000-100,000); engagement: engagement rate unavailable (too few videos with public likes/views); recent_activity: last post 2433 days ago (max 90)",Not Available,Not Available,Not Available,Not Available,Not Available,Not Available,Not Available,youtube_data_api_v3
skincare routine,YouTube,0,Not Available,Beauty,Not Available,https://www.youtube.com/@skincare_routine23,skincare,rejected,"FAIL: followers: 0 followers (allowed 5,000-100,000); engagement: engagement rate unavailable (too few videos with public likes/views); recent_activity: last post 1126 days ago (max 90)",Not Available,Not Available,Not Available,Not Available,Not Available,Not Available,Not Available,youtube_data_api_v3
Daily skin care routine,YouTube,0,Not Available,Unclassified,Not Available,https://www.youtube.com/@dailyskincareroutine-c2b,Not Available,rejected,"FAIL: followers: 0 followers (allowed 5,000-100,000); engagement: engagement rate unavailable (too few videos with public likes/views); niche_relevance: niche=Unclassified, relevance=0.0 (min 0.3); recent_activity: last post 539 days ago (max 90)",Not Available,Not Available,Not Available,Not Available,Not Available,Not Available,Not Available,youtube_data_api_v3
ASMR(skin care routine),YouTube,0,7.42,Beauty,Not Available,https://www.youtube.com/@skintoons-r6s,"skincare, makeup",rejected,"FAIL: followers: 0 followers (allowed 5,000-100,000)",Not Available,Not Available,Not Available,Not Available,Not Available,Not Available,Not Available,youtube_data_api_v3
Skincare routine & Products,YouTube,0,Not Available,Beauty,Not Available,https://www.youtube.com/@skincareroutineproducts,skincare,rejected,"FAIL: followers: 0 followers (allowed 5,000-100,000); engagement: engagement rate unavailable (too few videos with public likes/views); recent_activity: last post 1004 days ago (max 90)",Not Available,Not Available,Not Available,Not Available,Not Available,Not Available,Not Available,youtube_data_api_v3
skincare.routine,YouTube,0,0.2,Unclassified,Not Available,https://www.youtube.com/@skincare.routine-y7l,Not Available,rejected,"FAIL: followers: 0 followers (allowed 5,000-100,000); engagement: 0.2% (min 2.0%); niche_relevance: niche=Unclassified, relevance=0.0 (min 0.3); recent_activity: last post 229 days ago (max 90)",Not Available,Not Available,Not Available,Not Available,Not Available,Not Available,Not Available,youtube_data_api_v3
Skin Care Routine,YouTube,0,Not Available,Beauty,Not Available,https://www.youtube.com/@skincareroutine5570,skincare,rejected,"FAIL: followers: 0 followers (allowed 5,000-100,000); engagement: engagement rate unavailable (too few videos with public likes/views); recent_activity: last post 2907 days ago (max 90)",Not Available,Not Available,US,Not Available,Not Available,Not Available,Not Available,youtube_data_api_v3
Skincare Routine,YouTube,0,Not Available,Beauty,Not Available,https://www.youtube.com/@skincareroutine-y5q,"skincare, makeup",rejected,"FAIL: followers: 0 followers (allowed 5,000-100,000); engagement: engagement rate unavailable (too few videos with public likes/views); recent_activity: last post 460 days ago (max 90)",Not Available,Not Available,Not Available,Not Available,Not Available,Not Available,Not Available,youtube_data_api_v3
Glow - The Ai SkinCare Routine,YouTube,0,Not Available,Unclassified,Not Available,https://www.youtube.com/channel/UCQn2w1WwX6HErHr9-Z0VP_A,Not Available,rejected,"FAIL: followers: 0 followers (allowed 5,000-100,000); engagement: engagement rate unavailable (too few videos with public likes/views); niche_relevance: niche=Unclassified, relevance=0.0 (min 0.3)",Not Available,Not Available,Not Available,Not Available,Not Available,Not Available,Not Available,youtube_data_api_v3
